<?xml version="1.0" encoding="UTF-8"?>

<EvidenceVariable xmlns="http://hl7.org/fhir">
  <id value="PopulationPatientsICUPainMonitoring"/>
  <meta>
    <profile value="https://www.netzwerk-universitaetsmedizin.de/fhir/cpg-on-ebm-on-fhir/StructureDefinition/recommendation-eligibility-criteria"/>
  </meta>
  <text>
    <status value="generated"/><div xmlns="http://www.w3.org/1999/xhtml"><p><b>Generated Narrative: EvidenceVariable</b><a name="PopulationPatientsICUPainMonitoring"> </a></p><div style="display: inline-block; background-color: #d9e0e7; padding: 6px; margin: 4px; border: 1px solid #8da1b4; border-radius: 5px; line-height: 60%"><p style="margin-bottom: 0px">Resource EvidenceVariable &quot;PopulationPatientsICUPainMonitoring&quot; </p><p style="margin-bottom: 0px">Profile: <a href="file:///github/workspace/output/StructureDefinition-recommendation-eligibility-criteria.html">Recommendation Eligibility Criteria</a></p></div><p><b>url</b>: <code>https://www.netzwerk-universitaetsmedizin.de/fhir/codex-celida/guideline/patients-icu-painmonitoring/population/patients-icu-pain-monitoring</code></p><p><b>identifier</b>: id: ICU_Patients_Pain_Monitoring</p><p><b>name</b>: ICU_Patients_Pain_Monitoring</p><p><b>title</b>: Population: ICU Patients: Pain Monitoring</p><p><b>status</b>: active</p><p><b>date</b>: 2023-12-18 10:04:10+0000</p><p><b>description</b>: ICU Patients: Pain Monitoring</p><blockquote><p><b>characteristic</b></p><blockquote><p><b>definitionByCombination</b></p><p><b>code</b>: all-of</p><blockquote><p><b>characteristic</b></p><p><b>linkId</b>: intensive-care-treatment</p><p><b>exclude</b>: false</p><blockquote><p><b>definitionByTypeAndValue</b></p></blockquote></blockquote></blockquote></blockquote></div>
  </text>
  <url value="https://www.netzwerk-universitaetsmedizin.de/fhir/codex-celida/guideline/patients-icu-painmonitoring/population/patients-icu-pain-monitoring"/>
  <identifier>
    <system value="https://www.ceosys.de"/>
    <value value="ICU_Patients_Pain_Monitoring"/>
  </identifier>
  <name value="ICU_Patients_Pain_Monitoring"/>
  <title value="Population: ICU Patients: Pain Monitoring"/>
  <status value="active"/>
  <date value="2023-12-18T10:04:10+00:00"/>
  <description value="ICU Patients: Pain Monitoring"/>
  <characteristic>
    <definitionByCombination>
      <code value="all-of"/>
      <characteristic>
        <linkId value="intensive-care-treatment"/>
        <exclude value="false"/>
        <definitionByTypeAndValue>
          <type>
            <coding>
              <system value="http://loinc.org"/>
              <code value="78030-4"/>
              <display value="Episode of care Type"/>
            </coding>
          </type>
          <valueCodeableConcept>
            <coding>
              <system value="http://fhir.de/CodeSystem/kontaktart-de"/>
              <code value="intensivstationaer"/>
              <display value="Intensivstationär"/>
            </coding>
          </valueCodeableConcept>
        </definitionByTypeAndValue>
      </characteristic>
    </definitionByCombination>
  </characteristic>
</EvidenceVariable>