<?xml version="1.0" encoding="UTF-8"?>

<ImplementationGuide xmlns="http://hl7.org/fhir">
  <id value="template.cpg-on-ebmonfhir.netzwerk-universitaetsmedizin.de"/>
  <text>
    <status value="extensions"/><div xmlns="http://www.w3.org/1999/xhtml"><h2>CPGonEBMonFHIRtemplate</h2><p>The official URL for this implementation guide is: </p><pre>https://www.netzwerk-universitaetsmedizin.de/fhir/cpg-on-ebmonfhir/example/ImplementationGuide/template.cpg-on-ebmonfhir.netzwerk-universitaetsmedizin.de</pre></div>
  </text>
  <url value="https://www.netzwerk-universitaetsmedizin.de/fhir/cpg-on-ebmonfhir/example/ImplementationGuide/template.cpg-on-ebmonfhir.netzwerk-universitaetsmedizin.de"/>
  <version value="0.0.1-snapshot"/>
  <name value="CPGonEBMonFHIRtemplate"/>
  <title value="CPG-on-EBMonFHIR template"/>
  <status value="draft"/>
  <date value="2023-12-18T10:04:10+00:00"/>
  <publisher value="Example"/>
  <contact>
    <name value="Example"/>
    <telecom>
      <system value="url"/>
      <value value="https://www.example.com"/>
    </telecom>
  </contact>
  <packageId value="template.cpg-on-ebmonfhir.netzwerk-universitaetsmedizin.de"/>
  <license value="CC0-1.0"/>
  <fhirVersion value="5.0.0"/>
  <dependsOn id="hl7tx">
    <extension url="http://hl7.org/fhir/tools/StructureDefinition/implementationguide-dependency-comment">
      <valueMarkdown value="Automatically added as a dependency - all IGs depend on HL7 Terminology"/>
    </extension>
    <uri value="http://terminology.hl7.org/ImplementationGuide/hl7.terminology"/>
    <packageId value="hl7.terminology.r5"/>
    <version value="5.3.0"/>
  </dependsOn>
  <dependsOn id="hl7ext">
    <extension url="http://hl7.org/fhir/tools/StructureDefinition/implementationguide-dependency-comment">
      <valueMarkdown value="Automatically added as a dependency - all IGs depend on the HL7 Extension Pack"/>
    </extension>
    <uri value="http://hl7.org/fhir/extensions/ImplementationGuide/hl7.fhir.uv.extensions"/>
    <packageId value="hl7.fhir.uv.extensions.r5"/>
    <version value="1.0.0"/>
  </dependsOn>
  <dependsOn id="de_netzwerk_universitaetsmedizin_ebm_cpg">
    <uri value="https://www.netzwerk-universitaetsmedizin.de/fhir/cpg-on-ebm-on-fhir/ImplementationGuide/de.netzwerk-universitaetsmedizin.ebm-cpg"/>
    <packageId value="de.netzwerk-universitaetsmedizin.ebm-cpg"/>
    <version value="0.7.1-snapshot"/>
  </dependsOn>
  <definition>
    <extension url="http://hl7.org/fhir/tools/StructureDefinition/ig-internal-dependency">
      <valueCode value="hl7.fhir.uv.tools#current"/>
    </extension>
    <resource>
      <extension url="http://hl7.org/fhir/tools/StructureDefinition/resource-information">
        <valueString value="ActivityDefinition"/>
      </extension>
      <reference>
        <reference value="ActivityDefinition/AnxietyMonitoringSTAI"/>
      </reference>
      <name value="Anxiety Monitoring with STAI"/>
      <description value="Anxiety Monitoring in ICU Patients with STAI"/>
      <isExample value="false"/>
    </resource>
    <resource>
      <extension url="http://hl7.org/fhir/tools/StructureDefinition/resource-information">
        <valueString value="CodeSystem"/>
      </extension>
      <reference>
        <reference value="CodeSystem/codex-celida"/>
      </reference>
      <name value="CODEX-CELIDA"/>
      <description value="Concepts required in recommendations that are not defined elsewhere"/>
      <isExample value="false"/>
    </resource>
    <resource>
      <extension url="http://hl7.org/fhir/tools/StructureDefinition/resource-information">
        <valueString value="ActivityDefinition"/>
      </extension>
      <reference>
        <reference value="ActivityDefinition/DeliriumMonitoringCAMICUnegative"/>
      </reference>
      <name value="Delirium Monitoring with CAMICU"/>
      <description value="Delirium Monitoring in ICU Patients with CAMICU"/>
      <isExample value="false"/>
    </resource>
    <resource>
      <extension url="http://hl7.org/fhir/tools/StructureDefinition/resource-information">
        <valueString value="ActivityDefinition"/>
      </extension>
      <reference>
        <reference value="ActivityDefinition/DeliriumMonitoringCAMICU"/>
      </reference>
      <name value="Delirium Monitoring with CAMICU"/>
      <description value="Delirium Monitoring in ICU Patients with RASS"/>
      <isExample value="false"/>
    </resource>
    <resource>
      <extension url="http://hl7.org/fhir/tools/StructureDefinition/resource-information">
        <valueString value="ActivityDefinition"/>
      </extension>
      <reference>
        <reference value="ActivityDefinition/DeliriumMonitoringNuDESC"/>
      </reference>
      <name value="Delirium Monitoring with NuDESC"/>
      <description value="Delirium Monitoring in ICU Patients with NuDESC"/>
      <isExample value="false"/>
    </resource>
    <resource>
      <extension url="http://hl7.org/fhir/tools/StructureDefinition/resource-information">
        <valueString value="PlanDefinition"/>
      </extension>
      <reference>
        <reference value="PlanDefinition/InterventionPatientsICUDAASMonitoring"/>
      </reference>
      <name value="Intervention plan for ICU Patients: DAAS Monitoring"/>
      <description value="ICU Patients: DAAS Monitoring"/>
      <isExample value="false"/>
    </resource>
    <resource>
      <extension url="http://hl7.org/fhir/tools/StructureDefinition/resource-information">
        <valueString value="PlanDefinition"/>
      </extension>
      <reference>
        <reference value="PlanDefinition/InterventionPatientsICUDeliriumMonitoring"/>
      </reference>
      <name value="Intervention plan for ICU Patients: Delirium Monitoring"/>
      <description value="ICU Patients: Delirium Monitoring"/>
      <isExample value="false"/>
    </resource>
    <resource>
      <extension url="http://hl7.org/fhir/tools/StructureDefinition/resource-information">
        <valueString value="PlanDefinition"/>
      </extension>
      <reference>
        <reference value="PlanDefinition/InterventionPatientsICUnoDeliriumGoal"/>
      </reference>
      <name value="Intervention plan for ICU Patients: no Delirium Goal"/>
      <description value="ICU Patients should be delirium free"/>
      <isExample value="false"/>
    </resource>
    <resource>
      <extension url="http://hl7.org/fhir/tools/StructureDefinition/resource-information">
        <valueString value="PlanDefinition"/>
      </extension>
      <reference>
        <reference value="PlanDefinition/InterventionPatientsICUNRSgoal"/>
      </reference>
      <name value="Intervention plan for ICU Patients: NRS goal &lt;4"/>
      <description value="In ICU Patients NRS should be &lt;4"/>
      <isExample value="false"/>
    </resource>
    <resource>
      <extension url="http://hl7.org/fhir/tools/StructureDefinition/resource-information">
        <valueString value="PlanDefinition"/>
      </extension>
      <reference>
        <reference value="PlanDefinition/InterventionPatientsICUPainMonitoring"/>
      </reference>
      <name value="Intervention plan for ICU Patients: Pain Monitoring"/>
      <description value="ICU Patients: Pain Monitoring"/>
      <isExample value="false"/>
    </resource>
    <resource>
      <extension url="http://hl7.org/fhir/tools/StructureDefinition/resource-information">
        <valueString value="PlanDefinition"/>
      </extension>
      <reference>
        <reference value="PlanDefinition/InterventionPatientsICUSedationGoal"/>
      </reference>
      <name value="Intervention plan for ICU Patients: Sedation goal RASS 0 to -1"/>
      <description value="In ICU Patients RASS should be 0 or -1, with exeption for specificaly indicated deeper sedation"/>
      <isExample value="false"/>
    </resource>
    <resource>
      <extension url="http://hl7.org/fhir/tools/StructureDefinition/resource-information">
        <valueString value="PlanDefinition"/>
      </extension>
      <reference>
        <reference value="PlanDefinition/InterventionPatientsICUSedationMonitoring"/>
      </reference>
      <name value="Intervention plan for ICU Patients: Sedation Monitoring"/>
      <description value="ICU Patients: Sedation Monitoring"/>
      <isExample value="false"/>
    </resource>
    <resource>
      <extension url="http://hl7.org/fhir/tools/StructureDefinition/resource-information">
        <valueString value="ActivityDefinition"/>
      </extension>
      <reference>
        <reference value="ActivityDefinition/PainMonitoringBPS"/>
      </reference>
      <name value="Pain Monitoring with BPS"/>
      <description value="Pain Monitoring in ICU Patients with BPS"/>
      <isExample value="false"/>
    </resource>
    <resource>
      <extension url="http://hl7.org/fhir/tools/StructureDefinition/resource-information">
        <valueString value="ActivityDefinition"/>
      </extension>
      <reference>
        <reference value="ActivityDefinition/PainMonitoringCPOT"/>
      </reference>
      <name value="Pain Monitoring with CPOT"/>
      <description value="Pain Monitoring in ICU Patients with CPOT"/>
      <isExample value="false"/>
    </resource>
    <resource>
      <extension url="http://hl7.org/fhir/tools/StructureDefinition/resource-information">
        <valueString value="ActivityDefinition"/>
      </extension>
      <reference>
        <reference value="ActivityDefinition/PainMonitoringFPS-R"/>
      </reference>
      <name value="Pain Monitoring with FPS-R"/>
      <description value="Pain Monitoring in ICU Patients with FPS-R"/>
      <isExample value="false"/>
    </resource>
    <resource>
      <extension url="http://hl7.org/fhir/tools/StructureDefinition/resource-information">
        <valueString value="ActivityDefinition"/>
      </extension>
      <reference>
        <reference value="ActivityDefinition/PainMonitoringNRS"/>
      </reference>
      <name value="Pain Monitoring with NRS"/>
      <description value="Pain Monitoring in ICU Patients with NRS"/>
      <isExample value="false"/>
    </resource>
    <resource>
      <extension url="http://hl7.org/fhir/tools/StructureDefinition/resource-information">
        <valueString value="ActivityDefinition"/>
      </extension>
      <reference>
        <reference value="ActivityDefinition/PainMonitoringVAS"/>
      </reference>
      <name value="Pain Monitoring with VAS"/>
      <description value="Pain Monitoring in ICU Patients with VAS"/>
      <isExample value="false"/>
    </resource>
    <resource>
      <extension url="http://hl7.org/fhir/tools/StructureDefinition/resource-information">
        <valueString value="ActivityDefinition"/>
      </extension>
      <reference>
        <reference value="ActivityDefinition/PainMonitoringVRS"/>
      </reference>
      <name value="Pain Monitoring with VRS"/>
      <description value="Pain Monitoring in ICU Patients with VRS"/>
      <isExample value="false"/>
    </resource>
    <resource>
      <extension url="http://hl7.org/fhir/tools/StructureDefinition/resource-information">
        <valueString value="EvidenceVariable"/>
      </extension>
      <reference>
        <reference value="EvidenceVariable/PopulationPatientsICUnoDeliriumGoal"/>
      </reference>
      <name value="Population: ICU Patients no Delirium Goal"/>
      <description value="Population for recommendation 9: ICU Patients Delirium Goal is no Delirium"/>
      <isExample value="false"/>
    </resource>
    <resource>
      <extension url="http://hl7.org/fhir/tools/StructureDefinition/resource-information">
        <valueString value="EvidenceVariable"/>
      </extension>
      <reference>
        <reference value="EvidenceVariable/PopulationPatientsICUNRSgoal"/>
      </reference>
      <name value="Population: ICU Patients NRS goal &lt;4"/>
      <description value="Population for recommendation 9: ICU Patients NRS goal &lt;4"/>
      <isExample value="false"/>
    </resource>
    <resource>
      <extension url="http://hl7.org/fhir/tools/StructureDefinition/resource-information">
        <valueString value="EvidenceVariable"/>
      </extension>
      <reference>
        <reference value="EvidenceVariable/PopulationPatientsICUSedationGoal"/>
      </reference>
      <name value="Population: ICU Patients Sedation goal RASS 0 to -1"/>
      <description value="Population for recommendation 10: ICU Patients Sedation goal RASS 0 to -1"/>
      <isExample value="false"/>
    </resource>
    <resource>
      <extension url="http://hl7.org/fhir/tools/StructureDefinition/resource-information">
        <valueString value="EvidenceVariable"/>
      </extension>
      <reference>
        <reference value="EvidenceVariable/PopulationPatientsICUDAASMonitoring"/>
      </reference>
      <name value="Population: ICU Patients: DAAS Monitoring"/>
      <description value="Population for recommendation 8: DAAS Monitoring"/>
      <isExample value="false"/>
    </resource>
    <resource>
      <extension url="http://hl7.org/fhir/tools/StructureDefinition/resource-information">
        <valueString value="EvidenceVariable"/>
      </extension>
      <reference>
        <reference value="EvidenceVariable/PopulationPatientsICUDeliriumMonitoring"/>
      </reference>
      <name value="Population: ICU Patients: Delirium Monitoring"/>
      <description value="Population for recommendation 3: Delirium Monitoring"/>
      <isExample value="false"/>
    </resource>
    <resource>
      <extension url="http://hl7.org/fhir/tools/StructureDefinition/resource-information">
        <valueString value="EvidenceVariable"/>
      </extension>
      <reference>
        <reference value="EvidenceVariable/PopulationPatientsICUPainMonitoring"/>
      </reference>
      <name value="Population: ICU Patients: Pain Monitoring"/>
      <description value="Population for recommendation 1: ICU Patients Pain Monitoring"/>
      <isExample value="false"/>
    </resource>
    <resource>
      <extension url="http://hl7.org/fhir/tools/StructureDefinition/resource-information">
        <valueString value="EvidenceVariable"/>
      </extension>
      <reference>
        <reference value="EvidenceVariable/PopulationPatientsICUSedationMonitoring"/>
      </reference>
      <name value="Population: ICU Patients: Sedation Monitoring"/>
      <description value="Population for recommendation 2: ICU Patients Sedation Monitoring"/>
      <isExample value="false"/>
    </resource>
    <resource>
      <extension url="http://hl7.org/fhir/tools/StructureDefinition/resource-information">
        <valueString value="PlanDefinition"/>
      </extension>
      <reference>
        <reference value="PlanDefinition/RecommendationPatientsICUnoDeliriumGoal"/>
      </reference>
      <name value="Recommendation: ICU Patients No Delirium Goal"/>
      <description value="Recommendation for ICU Patients: The Delirium Goal is no Dilirium"/>
      <isExample value="false"/>
    </resource>
    <resource>
      <extension url="http://hl7.org/fhir/tools/StructureDefinition/resource-information">
        <valueString value="PlanDefinition"/>
      </extension>
      <reference>
        <reference value="PlanDefinition/RecommendationPatientsICUSedationGoal"/>
      </reference>
      <name value="Recommendation: ICU Patients Sedation Goal RASS"/>
      <description value="Recommendation for ICU Patients: Sedation Goal RASS is 0 to -1"/>
      <isExample value="false"/>
    </resource>
    <resource>
      <extension url="http://hl7.org/fhir/tools/StructureDefinition/resource-information">
        <valueString value="PlanDefinition"/>
      </extension>
      <reference>
        <reference value="PlanDefinition/RecommendationPatientsICUDAASMonitoring"/>
      </reference>
      <name value="Recommendation: ICU Patients: DAAS Monitoring"/>
      <description value="Recommendation for ICU Patients: Delir, Anxiety, Analgesia, Sedation Monitoring"/>
      <isExample value="false"/>
    </resource>
    <resource>
      <extension url="http://hl7.org/fhir/tools/StructureDefinition/resource-information">
        <valueString value="PlanDefinition"/>
      </extension>
      <reference>
        <reference value="PlanDefinition/RecommendationPatientsICUDeliriumMonitoring"/>
      </reference>
      <name value="Recommendation: ICU Patients: Delirium Monitoring"/>
      <description value="Recommendation for ICU Patients: Delirium Monitoring"/>
      <isExample value="false"/>
    </resource>
    <resource>
      <extension url="http://hl7.org/fhir/tools/StructureDefinition/resource-information">
        <valueString value="PlanDefinition"/>
      </extension>
      <reference>
        <reference value="PlanDefinition/RecommendationPatientsICUNRSgoal"/>
      </reference>
      <name value="Recommendation: ICU Patients: NRS goal &lt;4"/>
      <description value="Recommendation for ICU Patients to archive an NRS goal below 4"/>
      <isExample value="false"/>
    </resource>
    <resource>
      <extension url="http://hl7.org/fhir/tools/StructureDefinition/resource-information">
        <valueString value="PlanDefinition"/>
      </extension>
      <reference>
        <reference value="PlanDefinition/RecommendationPatientsICUPainMonitoring"/>
      </reference>
      <name value="Recommendation: ICU Patients: Pain Monitoring"/>
      <description value="Recommendation for ICU Patients: Pain Monitoring"/>
      <isExample value="false"/>
    </resource>
    <resource>
      <extension url="http://hl7.org/fhir/tools/StructureDefinition/resource-information">
        <valueString value="PlanDefinition"/>
      </extension>
      <reference>
        <reference value="PlanDefinition/RecommendationPatientsICUSedationMonitoring"/>
      </reference>
      <name value="Recommendation: ICU Patients: Sedation Monitoring"/>
      <description value="Recommendation for ICU Patients: Sedation Monitoring"/>
      <isExample value="false"/>
    </resource>
    <resource>
      <extension url="http://hl7.org/fhir/tools/StructureDefinition/resource-information">
        <valueString value="ActivityDefinition"/>
      </extension>
      <reference>
        <reference value="ActivityDefinition/SedationMonitoringRASS"/>
      </reference>
      <name value="Sedation Monitoring with RASS"/>
      <description value="Sedation Monitoring in ICU Patients with RASS"/>
      <isExample value="false"/>
    </resource>
    <page>
      <sourceUrl value="toc.html"/>
      <name value="toc.html"/>
      <title value="Table of Contents"/>
      <generation value="html"/>
      <page>
        <sourceUrl value="index.html"/>
        <name value="index.html"/>
        <title value="CPG-on-EBMonFHIR template"/>
        <generation value="markdown"/>
      </page>
      <page>
        <sourceUrl value="downloads.html"/>
        <name value="downloads.html"/>
        <title value="Downloads"/>
        <generation value="html"/>
      </page>
      <page>
        <sourceUrl value="changelog.html"/>
        <name value="changelog.html"/>
        <title value="Change Log"/>
        <generation value="markdown"/>
      </page>
    </page>
    <parameter>
      <code>
        <system value="http://hl7.org/fhir/tools/CodeSystem/ig-parameters"/>
        <code value="copyrightyear"/>
      </code>
      <value value="2023+"/>
    </parameter>
    <parameter>
      <code>
        <system value="http://hl7.org/fhir/tools/CodeSystem/ig-parameters"/>
        <code value="releaselabel"/>
      </code>
      <value value="ci-build"/>
    </parameter>
    <parameter>
      <code>
        <system value="http://hl7.org/fhir/tools/CodeSystem/ig-parameters"/>
        <code value="active-tables"/>
      </code>
      <value value="true"/>
    </parameter>
    <parameter>
      <code>
        <system value="http://hl7.org/fhir/tools/CodeSystem/ig-parameters"/>
        <code value="apply-contact"/>
      </code>
      <value value="false"/>
    </parameter>
    <parameter>
      <code>
        <system value="http://hl7.org/fhir/tools/CodeSystem/ig-parameters"/>
        <code value="apply-jurisdiction"/>
      </code>
      <value value="false"/>
    </parameter>
    <parameter>
      <code>
        <system value="http://hl7.org/fhir/tools/CodeSystem/ig-parameters"/>
        <code value="apply-publisher"/>
      </code>
      <value value="false"/>
    </parameter>
    <parameter>
      <code>
        <system value="http://hl7.org/fhir/tools/CodeSystem/ig-parameters"/>
        <code value="apply-version"/>
      </code>
      <value value="false"/>
    </parameter>
    <parameter>
      <code>
        <system value="http://hl7.org/fhir/tools/CodeSystem/ig-parameters"/>
        <code value="show-inherited-invariants"/>
      </code>
      <value value="false"/>
    </parameter>
    <parameter>
      <code>
        <system value="http://hl7.org/fhir/tools/CodeSystem/ig-parameters"/>
        <code value="usage-stats-opt-out"/>
      </code>
      <value value="true"/>
    </parameter>
    <parameter>
      <code>
        <system value="http://hl7.org/fhir/tools/CodeSystem/ig-parameters"/>
        <code value="excludexml"/>
      </code>
      <value value="false"/>
    </parameter>
    <parameter>
      <code>
        <system value="http://hl7.org/fhir/tools/CodeSystem/ig-parameters"/>
        <code value="excludejsn"/>
      </code>
      <value value="false"/>
    </parameter>
    <parameter>
      <code>
        <system value="http://hl7.org/fhir/tools/CodeSystem/ig-parameters"/>
        <code value="excludettl"/>
      </code>
      <value value="true"/>
    </parameter>
    <parameter>
      <code>
        <system value="http://hl7.org/fhir/tools/CodeSystem/ig-parameters"/>
        <code value="excludemap"/>
      </code>
      <value value="true"/>
    </parameter>
    <parameter>
      <code>
        <system value="http://hl7.org/fhir/tools/CodeSystem/ig-parameters"/>
        <code value="excludeexample"/>
      </code>
      <value value="true"/>
    </parameter>
    <parameter>
      <code>
        <system value="http://hl7.org/fhir/tools/CodeSystem/ig-parameters"/>
        <code value="extension-domain"/>
      </code>
      <value value="https://www.netzwerk-universitaetsmedizin.de"/>
    </parameter>
    <parameter>
      <code>
        <system value="http://hl7.org/fhir/tools/CodeSystem/ig-parameters"/>
        <code value="extension-domain"/>
      </code>
      <value value="https://simplifier.net"/>
    </parameter>
    <parameter>
      <code>
        <system value="http://hl7.org/fhir/tools/CodeSystem/ig-parameters"/>
        <code value="autoload-resources"/>
      </code>
      <value value="true"/>
    </parameter>
    <parameter>
      <code>
        <system value="http://hl7.org/fhir/guide-parameter-code"/>
        <code value="path-resource"/>
      </code>
      <value value="input/capabilities"/>
    </parameter>
    <parameter>
      <code>
        <system value="http://hl7.org/fhir/guide-parameter-code"/>
        <code value="path-resource"/>
      </code>
      <value value="input/examples"/>
    </parameter>
    <parameter>
      <code>
        <system value="http://hl7.org/fhir/guide-parameter-code"/>
        <code value="path-resource"/>
      </code>
      <value value="input/extensions"/>
    </parameter>
    <parameter>
      <code>
        <system value="http://hl7.org/fhir/guide-parameter-code"/>
        <code value="path-resource"/>
      </code>
      <value value="input/models"/>
    </parameter>
    <parameter>
      <code>
        <system value="http://hl7.org/fhir/guide-parameter-code"/>
        <code value="path-resource"/>
      </code>
      <value value="input/operations"/>
    </parameter>
    <parameter>
      <code>
        <system value="http://hl7.org/fhir/guide-parameter-code"/>
        <code value="path-resource"/>
      </code>
      <value value="input/profiles"/>
    </parameter>
    <parameter>
      <code>
        <system value="http://hl7.org/fhir/guide-parameter-code"/>
        <code value="path-resource"/>
      </code>
      <value value="input/resources"/>
    </parameter>
    <parameter>
      <code>
        <system value="http://hl7.org/fhir/guide-parameter-code"/>
        <code value="path-resource"/>
      </code>
      <value value="input/vocabulary"/>
    </parameter>
    <parameter>
      <code>
        <system value="http://hl7.org/fhir/guide-parameter-code"/>
        <code value="path-resource"/>
      </code>
      <value value="input/maps"/>
    </parameter>
    <parameter>
      <code>
        <system value="http://hl7.org/fhir/guide-parameter-code"/>
        <code value="path-resource"/>
      </code>
      <value value="input/testing"/>
    </parameter>
    <parameter>
      <code>
        <system value="http://hl7.org/fhir/guide-parameter-code"/>
        <code value="path-resource"/>
      </code>
      <value value="input/history"/>
    </parameter>
    <parameter>
      <code>
        <system value="http://hl7.org/fhir/guide-parameter-code"/>
        <code value="path-resource"/>
      </code>
      <value value="fsh-generated/resources"/>
    </parameter>
    <parameter>
      <code>
        <system value="http://hl7.org/fhir/guide-parameter-code"/>
        <code value="path-pages"/>
      </code>
      <value value="template/config"/>
    </parameter>
    <parameter>
      <code>
        <system value="http://hl7.org/fhir/guide-parameter-code"/>
        <code value="path-pages"/>
      </code>
      <value value="input/images"/>
    </parameter>
    <parameter>
      <code>
        <system value="http://hl7.org/fhir/tools/CodeSystem/ig-parameters"/>
        <code value="path-liquid"/>
      </code>
      <value value="template/liquid"/>
    </parameter>
    <parameter>
      <code>
        <system value="http://hl7.org/fhir/tools/CodeSystem/ig-parameters"/>
        <code value="path-liquid"/>
      </code>
      <value value="input/liquid"/>
    </parameter>
    <parameter>
      <code>
        <system value="http://hl7.org/fhir/tools/CodeSystem/ig-parameters"/>
        <code value="path-qa"/>
      </code>
      <value value="temp/qa"/>
    </parameter>
    <parameter>
      <code>
        <system value="http://hl7.org/fhir/tools/CodeSystem/ig-parameters"/>
        <code value="path-temp"/>
      </code>
      <value value="temp/pages"/>
    </parameter>
    <parameter>
      <code>
        <system value="http://hl7.org/fhir/tools/CodeSystem/ig-parameters"/>
        <code value="path-output"/>
      </code>
      <value value="output"/>
    </parameter>
    <parameter>
      <code>
        <system value="http://hl7.org/fhir/guide-parameter-code"/>
        <code value="path-tx-cache"/>
      </code>
      <value value="input-cache/txcache"/>
    </parameter>
    <parameter>
      <code>
        <system value="http://hl7.org/fhir/tools/CodeSystem/ig-parameters"/>
        <code value="path-suppressed-warnings"/>
      </code>
      <value value="input/ignoreWarnings.txt"/>
    </parameter>
    <parameter>
      <code>
        <system value="http://hl7.org/fhir/tools/CodeSystem/ig-parameters"/>
        <code value="path-history"/>
      </code>
      <value value="https://www.netzwerk-universitaetsmedizin.de/fhir/cpg-on-ebmonfhir/example/history.html"/>
    </parameter>
    <parameter>
      <code>
        <system value="http://hl7.org/fhir/tools/CodeSystem/ig-parameters"/>
        <code value="template-html"/>
      </code>
      <value value="template-page.html"/>
    </parameter>
    <parameter>
      <code>
        <system value="http://hl7.org/fhir/tools/CodeSystem/ig-parameters"/>
        <code value="template-md"/>
      </code>
      <value value="template-page-md.html"/>
    </parameter>
    <parameter>
      <code>
        <system value="http://hl7.org/fhir/tools/CodeSystem/ig-parameters"/>
        <code value="apply-context"/>
      </code>
      <value value="true"/>
    </parameter>
    <parameter>
      <code>
        <system value="http://hl7.org/fhir/tools/CodeSystem/ig-parameters"/>
        <code value="apply-copyright"/>
      </code>
      <value value="true"/>
    </parameter>
    <parameter>
      <code>
        <system value="http://hl7.org/fhir/tools/CodeSystem/ig-parameters"/>
        <code value="apply-license"/>
      </code>
      <value value="true"/>
    </parameter>
    <parameter>
      <code>
        <system value="http://hl7.org/fhir/tools/CodeSystem/ig-parameters"/>
        <code value="apply-wg"/>
      </code>
      <value value="true"/>
    </parameter>
    <parameter>
      <code>
        <system value="http://hl7.org/fhir/tools/CodeSystem/ig-parameters"/>
        <code value="fmm-definition"/>
      </code>
      <value value="http://hl7.org/fhir/versions.html#maturity"/>
    </parameter>
    <parameter>
      <code>
        <system value="http://hl7.org/fhir/tools/CodeSystem/ig-parameters"/>
        <code value="propagate-status"/>
      </code>
      <value value="true"/>
    </parameter>
    <parameter>
      <code>
        <system value="http://hl7.org/fhir/tools/CodeSystem/ig-parameters"/>
        <code value="excludelogbinaryformat"/>
      </code>
      <value value="true"/>
    </parameter>
    <parameter>
      <code>
        <system value="http://hl7.org/fhir/tools/CodeSystem/ig-parameters"/>
        <code value="tabbed-snapshots"/>
      </code>
      <value value="true"/>
    </parameter>
  </definition>
</ImplementationGuide>