<?xml version="1.0" encoding="UTF-8"?><ActivityDefinition xmlns="http://hl7.org/fhir"><id value="PainMonitoringCPOT"/><meta><profile value="https://www.netzwerk-universitaetsmedizin.de/fhir/cpg-on-ebm-on-fhir/StructureDefinition/assessment-action"/></meta><extension url="http://hl7.org/fhir/uv/cpg/StructureDefinition/cpg-knowledgeCapability"><valueCode value="computable"/></extension><extension url="http://hl7.org/fhir/uv/cpg/StructureDefinition/cpg-knowledgeRepresentationLevel"><valueCode value="structured"/></extension><url value="https://www.netzwerk-universitaetsmedizin.de/fhir/codex-celida/guideline/patients-icu-pain-monitoring/recommended-action/pain-monitoring-CPOT"/><version value="0.1"/><name value="PainMonitoringWithCPOTPlan"/><title value="Pain Monitoring with CPOT"/><status value="active"/><experimental value="true"/><subjectCodeableConcept><coding><system value="http://hl7.org/fhir/fhir-types"/><code value="Patient"/></coding></subjectCodeableConcept><date value="2023-12-18T10:04:10+00:00"/><publisher value="NUM CODEX+ CELIDA"/><description value="Pain monitoring in ICU Patients with CPOT"/><kind value="ServiceRequest"/><code><coding><system value="https://www.netzwerk-universitaetsmedizin.de/fhir/codex-celida/CodeSystem/codex-celida"/><code value="cpot"/><display value="Critical Care Pain Observation Tool (CPOT)"/></coding></code><timingTiming><code><coding><system value="http://terminology.hl7.org/CodeSystem/v3-GTSAbbreviation"/><code value="Q8H"/></coding></code></timingTiming></ActivityDefinition>