<?xml version="1.0" encoding="UTF-8"?><ActivityDefinition xmlns="http://hl7.org/fhir"><id value="AnxietyMonitoringSTAI"/><meta><profile value="https://www.netzwerk-universitaetsmedizin.de/fhir/cpg-on-ebm-on-fhir/StructureDefinition/assessment-action"/></meta><extension url="http://hl7.org/fhir/uv/cpg/StructureDefinition/cpg-knowledgeCapability"><valueCode value="computable"/></extension><extension url="http://hl7.org/fhir/uv/cpg/StructureDefinition/cpg-knowledgeRepresentationLevel"><valueCode value="structured"/></extension><url value="https://www.netzwerk-universitaetsmedizin.de/fhir/codex-celida/guideline/patients-icu-daas-monitoring/recommended-action/anxiety-monitoring-NuDesc"/><version value="1.0"/><name value="AnxietyMonitoringWithSTAIPlan"/><title value="Anxiety Monitoring with STAI"/><status value="active"/><experimental value="true"/><subjectCodeableConcept><coding><system value="http://hl7.org/fhir/fhir-types"/><code value="Patient"/></coding></subjectCodeableConcept><date value="2023-12-18T10:04:10+00:00"/><publisher value="NUM CODEX+ CELIDA"/><description value="Anxiety monitoring in ICU Patients with STAI"/><kind value="ServiceRequest"/><code><coding><system value="http://snomed.info/sct"/><code value="273830002"/><display value="Spielberger state-trait anxiety inventory (assessment scale)"/></coding></code><timingTiming><code><coding><system value="http://terminology.hl7.org/CodeSystem/v3-GTSAbbreviation"/><code value="Q8H"/></coding></code></timingTiming></ActivityDefinition>