<?xml version="1.0" encoding="UTF-8"?><ActivityDefinition xmlns="http://hl7.org/fhir"><id value="DeliriumMonitoringCAMICUnegative"/><meta><profile value="https://www.netzwerk-universitaetsmedizin.de/fhir/cpg-on-ebm-on-fhir/StructureDefinition/assessment-action"/></meta><extension url="http://hl7.org/fhir/uv/cpg/StructureDefinition/cpg-knowledgeCapability"><valueCode value="computable"/></extension><extension url="http://hl7.org/fhir/uv/cpg/StructureDefinition/cpg-knowledgeRepresentationLevel"><valueCode value="structured"/></extension><url value="https://www.netzwerk-universitaetsmedizin.de/fhir/codex-celida/guideline/patients-icu-no-delirium-goal/recommended-action/delirium-monitoring-CAMICU"/><version value="1.0"/><name value="DeliriumMonitoringWithCAMICUPlan"/><title value="Delirium Monitoring with CAMICU"/><status value="active"/><experimental value="true"/><subjectCodeableConcept><coding><system value="http://hl7.org/fhir/fhir-types"/><code value="Patient"/></coding></subjectCodeableConcept><date value="2023-12-18T10:04:10+00:00"/><publisher value="NUM CODEX+ CELIDA"/><description value="Delirium monitoring in ICU Patients with CAMIU"/><kind value="ServiceRequest"/><code><coding><system value="http://loinc.org"/><code value="54627-5"/><display value="Signs and symptoms of delirium (from CAM) [CAM.MDSv3]"/></coding></code></ActivityDefinition>