<?xml version="1.0" encoding="UTF-8"?><EvidenceVariable xmlns="http://hl7.org/fhir"><id value="PopulationPatientsICUSedationMonitoring"/><meta><profile value="https://www.netzwerk-universitaetsmedizin.de/fhir/cpg-on-ebm-on-fhir/StructureDefinition/recommendation-eligibility-criteria"/></meta><url value="https://www.netzwerk-universitaetsmedizin.de/fhir/codex-celida/guideline/patients-icu-sedationmonitoring/population/patients-icu-sedation-monitoring"/><identifier><system value="https://www.ceosys.de"/><value value="ICU_Patients_Sedation_Monitoring"/></identifier><name value="ICU_Patients_Sedation_Monitoring"/><title value="Population: ICU Patients: Sedation Monitoring"/><status value="active"/><date value="2023-12-18T10:04:10+00:00"/><description value="ICU Patients: Sedation Monitoring"/><characteristic><definitionByCombination><code value="all-of"/><characteristic><linkId value="intensive-care-treatment"/><exclude value="false"/><definitionByTypeAndValue><type><coding><system value="http://loinc.org"/><code value="78030-4"/><display value="Episode of care Type"/></coding></type><valueCodeableConcept><coding><system value="http://fhir.de/CodeSystem/kontaktart-de"/><code value="intensivstationaer"/><display value="Intensivstationär"/></coding></valueCodeableConcept></definitionByTypeAndValue></characteristic></definitionByCombination></characteristic></EvidenceVariable>