<?xml version="1.0" encoding="UTF-8"?><EvidenceVariable xmlns="http://hl7.org/fhir"><id value="PopulationPatientsICUDeliriumMonitoring"/><meta><profile value="https://www.netzwerk-universitaetsmedizin.de/fhir/cpg-on-ebm-on-fhir/StructureDefinition/recommendation-eligibility-criteria"/></meta><url value="https://www.netzwerk-universitaetsmedizin.de/fhir/codex-celida/guideline/patients-icu-delirium-monitoring/population/patients-icu-delirium-monitoring"/><identifier><system value="https://www.ceosys.de"/><value value="ICU_Patients_Delirium_Monitoring"/></identifier><name value="ICU_patients-DeliriumMonitoring"/><title value="Population: ICU Patients: Delirium Monitoring"/><status value="active"/><date value="2023-12-18T10:04:10+00:00"/><description value="ICU Patients: Delirium Monitoring"/><characteristic><definitionByCombination><code value="all-of"/><characteristic><linkId value="intensive-care-treatment"/><exclude value="false"/><definitionByTypeAndValue><type><coding><system value="http://loinc.org"/><code value="78030-4"/><display value="Episode of care Type"/></coding></type><valueCodeableConcept><coding><system value="http://fhir.de/CodeSystem/kontaktart-de"/><code value="intensivstationaer"/><display value="Intensivstationär"/></coding></valueCodeableConcept></definitionByTypeAndValue></characteristic></definitionByCombination></characteristic></EvidenceVariable>