<?xml version="1.0" encoding="UTF-8"?><PlanDefinition xmlns="http://hl7.org/fhir"><id value="RecommendationPatientsICUnoDeliriumGoal"/><meta><profile value="https://www.netzwerk-universitaetsmedizin.de/fhir/cpg-on-ebm-on-fhir/StructureDefinition/recommendation"/></meta><extension url="http://hl7.org/fhir/uv/cpg/StructureDefinition/cpg-knowledgeCapability"><valueCode value="computable"/></extension><extension url="http://hl7.org/fhir/uv/cpg/StructureDefinition/cpg-knowledgeRepresentationLevel"><valueCode value="structured"/></extension><url value="https://www.netzwerk-universitaetsmedizin.de/fhir/codex-celida/guideline/patients-icu-no-delirium-goal/recommendation/patients-icu-no-delirium-goal"/><version value="1.0"/><name value="Recommendation11-Delirium-Goal"/><title value="Delirium Intervention for Population: ICU Patients Delirium Goal"/><type><coding><system value="http://terminology.hl7.org/CodeSystem/plan-definition-type"/><code value="workflow-definition"/></coding></type><status value="active"/><experimental value="true"/><date value="2023-11"/><description value="ICU Patients should be delirium free"/><action><title value="Intervention_Plan_ICU_Patients_No_Delirium_Goal"/><description value="Intervention plan for ICU Patients: Delirium Goal is no Delirium"/><code><coding><system value="http://hl7.org/fhir/uv/cpg/CodeSystem/cpg-common-process"/><code value="guideline-based-care"/></coding></code><selectionBehavior value="at-most-one"/><definitionCanonical value="https://www.netzwerk-universitaetsmedizin.de/fhir/codex-celida/guideline/patients-icu-no-delirium-goal/intervention-plan/patients-icu-no-delirium"/></action></PlanDefinition>