<?xml version="1.0" encoding="UTF-8"?><PlanDefinition xmlns="http://hl7.org/fhir"><id value="RecommendationPatientsICUNRSgoal"/><meta><profile value="https://www.netzwerk-universitaetsmedizin.de/fhir/cpg-on-ebm-on-fhir/StructureDefinition/recommendation"/></meta><extension url="http://hl7.org/fhir/uv/cpg/StructureDefinition/cpg-knowledgeCapability"><valueCode value="computable"/></extension><extension url="http://hl7.org/fhir/uv/cpg/StructureDefinition/cpg-knowledgeRepresentationLevel"><valueCode value="structured"/></extension><url value="https://www.netzwerk-universitaetsmedizin.de/fhir/codex-celida/guideline/patients-icu-nrs-goal&lt;4/recommendation/patients-icu-nrs-goal&lt;4"/><version value="1.0"/><name value="Recommendation9-NRS&lt;4"/><title value="NRS Intervention for Population: ICU Patients NRS goal &lt;4"/><type><coding><system value="http://terminology.hl7.org/CodeSystem/plan-definition-type"/><code value="workflow-definition"/></coding></type><status value="active"/><experimental value="true"/><date value="2023-11-17"/><description value="NRS in ICU Patients should be &lt;4"/><action><title value="Intervention_Plan_ICU_Patients_NRS_goal"/><description value="Intervention plan for ICU Patients: NRS goal &lt;4"/><code><coding><system value="http://hl7.org/fhir/uv/cpg/CodeSystem/cpg-common-process"/><code value="guideline-based-care"/></coding></code><selectionBehavior value="at-most-one"/><definitionCanonical value="https://www.netzwerk-universitaetsmedizin.de/fhir/codex-celida/guideline/patients-icu-nrs-goal&lt;4/intervention-plan/patients-icu-nrs-goal&lt;4"/></action></PlanDefinition>