<?xml version="1.0" encoding="UTF-8"?><PlanDefinition xmlns="http://hl7.org/fhir"><id value="InterventionPatientsICUSedationGoal"/><meta><profile value="https://www.netzwerk-universitaetsmedizin.de/fhir/cpg-on-ebm-on-fhir/StructureDefinition/recommendation-plan"/></meta><extension url="http://hl7.org/fhir/uv/cpg/StructureDefinition/cpg-knowledgeCapability"><valueCode value="computable"/></extension><extension url="http://hl7.org/fhir/uv/cpg/StructureDefinition/cpg-knowledgeRepresentationLevel"><valueCode value="structured"/></extension><extension url="http://hl7.org/fhir/uv/cpg/StructureDefinition/cpg-partOf"><valueCanonical value="https://www.netzwerk-universitaetsmedizin.de/fhir/codex-celida/guideline/patients-icu-Sedation-goal/recommendation/patients-icu-sedation-goal"/></extension><url value="https://www.netzwerk-universitaetsmedizin.de/fhir/codex-celida/guideline/patients-icu-sedation-goal/intervention-plan/patients-icu-sedation-goal"/><identifier><value value="InterventionPlanforICUPAtientsSedationGoal"/></identifier><version value="7.0"/><name value="Intervention_Plan_ICU_Patients_Sedation_Goal"/><title value="Intervention plan for ICU Patients:  Sedation Goal is RASS 0 to -1, with exeption for specificaly indicated deeper sedation"/><type><coding><system value="http://terminology.hl7.org/CodeSystem/plan-definition-type"/><code value="eca-rule"/></coding></type><status value="active"/><experimental value="true"/><subjectCanonical value="https://www.netzwerk-universitaetsmedizin.de/fhir/codex-celida/guideline/patients-icu-Sedation-goal/population/patients-icu-sedation-goal"/><date value="2023-11"/><publisher value="NUM CODEX+ CELIDA"/><description value="In intensive care patients Seadtion in RASS should be 0 or -1, with exeption for specificaly indicated deeper sedation"/><goal id="sedation-management-RASS-goal"><category><coding><system value="http://snomed.info/sct"/><code value="273249006"/><display value="Assessment scales (assessment scale)"/></coding></category><description><text value="RASS should be 0 to -1"/></description><target><measure><coding><system value="http://snomed.info/sct/731000124108"/><code value="457441000124102"/><display value="Richmond agitation-sedation scale"/></coding></measure><detailRange><low><value value="-1"/></low><high><value value="0"/></high></detailRange></target></goal><action><code><coding><system value="http://snomed.info/sct"/><code value="406187008"/><display value="Sedation management (regime/therapy)"/></coding></code><goalId value="sedation-management-RASS-goal"/></action></PlanDefinition>