<?xml version="1.0" encoding="UTF-8"?><PlanDefinition xmlns="http://hl7.org/fhir"><id value="RecommendationPatientsICUDAASMonitoring"/><meta><profile value="https://www.netzwerk-universitaetsmedizin.de/fhir/cpg-on-ebm-on-fhir/StructureDefinition/recommendation"/></meta><extension url="http://hl7.org/fhir/uv/cpg/StructureDefinition/cpg-knowledgeCapability"><valueCode value="computable"/></extension><extension url="http://hl7.org/fhir/uv/cpg/StructureDefinition/cpg-knowledgeRepresentationLevel"><valueCode value="structured"/></extension><url value="https://www.netzwerk-universitaetsmedizin.de/fhir/codex-celida/guideline/patients-icu-daas-monitoring/recommendation/patients-icu-daas-monitoring"/><version value="1.0"/><name value="Recommendation8-DAASMonitoring"/><title value="Intervention for Population: ICU Patients - DAAS Monitoring"/><type><coding><system value="http://terminology.hl7.org/CodeSystem/plan-definition-type"/><code value="workflow-definition"/></coding></type><status value="active"/><experimental value="true"/><date value="2023-11"/><description value="The treatment goal and the current level of analgesia, sedation, anxiety, and delirium should be standardizedly documented at least once per shift (typically every 8 hours)"/><action><title value="Intervention_Plan_ICU_Patients_DAAS_Monitoring"/><description value="Intervention plan for ICU Patients: DAAS Monitoring"/><code><coding><system value="http://hl7.org/fhir/uv/cpg/CodeSystem/cpg-common-process"/><code value="guideline-based-care"/></coding></code><selectionBehavior value="at-most-one"/><definitionCanonical value="https://www.netzwerk-universitaetsmedizin.de/fhir/codex-celida/guideline/patients-icu-daas-monitoring/intervention-plan/patients-icu-daas-monitoring"/></action></PlanDefinition>