<?xml version="1.0" encoding="UTF-8"?><PlanDefinition xmlns="http://hl7.org/fhir"><id value="InterventionPatientsICUDeliriumMonitoring"/><meta><profile value="https://www.netzwerk-universitaetsmedizin.de/fhir/cpg-on-ebm-on-fhir/StructureDefinition/recommendation-plan"/></meta><extension url="http://hl7.org/fhir/uv/cpg/StructureDefinition/cpg-knowledgeCapability"><valueCode value="computable"/></extension><extension url="http://hl7.org/fhir/uv/cpg/StructureDefinition/cpg-knowledgeRepresentationLevel"><valueCode value="structured"/></extension><extension url="http://hl7.org/fhir/uv/cpg/StructureDefinition/cpg-partOf"><valueCanonical value="https://www.netzwerk-universitaetsmedizin.de/fhir/codex-celida/guideline/patients-icu-delirium-monitoring/recommendation/patients-icu-delirium-monitoring"/></extension><url value="https://www.netzwerk-universitaetsmedizin.de/fhir/codex-celida/guideline/patients-icu-delirium-monitoring/intervention-plan/patients-icu-delirium-monitoring"/><identifier><value value="InterventionPlanforICUPatientsDeliriumMonitoring"/></identifier><version value="1.0"/><name value="Intervention_Plan_ICU_Patients_Delirium_Monitoring"/><title value="Intervention plan for ICU Patients: Delirium Monitoring with NuDESC or CAMICU"/><type><coding><system value="http://terminology.hl7.org/CodeSystem/plan-definition-type"/><code value="eca-rule"/></coding></type><status value="active"/><experimental value="true"/><subjectCanonical value="https://www.netzwerk-universitaetsmedizin.de/fhir/codex-celida/guideline/patients-icu-delirium-monitoring/population/patients-icu-delirium-monitoring"/><date value="2023-10"/><publisher value="NUM CODEX+ CELIDA"/><description value="In ICU Patients Findings ind Delirium Monitoring should be documented at least once per shift"/><action><code><coding><system value="http://snomed.info/sct"/><code value="386053000"/><display value="Evaluation procedure (procedure)"/></coding></code><selectionBehavior value="one-or-more"/><definitionCanonical value="https://www.netzwerk-universitaetsmedizin.de/fhir/codex-celida/guideline/patients-icu-delirium-monitoring/recommended-action/delirium-monitoring-CAMICU"/></action><action><code><coding><system value="http://snomed.info/sct"/><code value="386053000"/><display value="Evaluation procedure (procedure)"/></coding></code><selectionBehavior value="one-or-more"/><definitionCanonical value="https://www.netzwerk-universitaetsmedizin.de/fhir/codex-celida/guideline/patients-icu-delirium-monitoring/recommended-action/delirium-monitoring-NuDesc"/></action></PlanDefinition>