<?xml version="1.0" encoding="UTF-8"?><PlanDefinition xmlns="http://hl7.org/fhir"><id value="InterventionPatientsICUNRSgoal"/><meta><profile value="https://www.netzwerk-universitaetsmedizin.de/fhir/cpg-on-ebm-on-fhir/StructureDefinition/recommendation-plan"/></meta><extension url="http://hl7.org/fhir/uv/cpg/StructureDefinition/cpg-knowledgeCapability"><valueCode value="computable"/></extension><extension url="http://hl7.org/fhir/uv/cpg/StructureDefinition/cpg-knowledgeRepresentationLevel"><valueCode value="structured"/></extension><extension url="http://hl7.org/fhir/uv/cpg/StructureDefinition/cpg-partOf"><valueCanonical value="https://www.netzwerk-universitaetsmedizin.de/fhir/codex-celida/guideline/patients-icu-nrs-goal&lt;4/recommendation/patients-icu-nrs-goal&lt;4"/></extension><url value="https://www.netzwerk-universitaetsmedizin.de/fhir/codex-celida/guideline/patients-icu-nrs-goal&lt;4/intervention-plan/patients-icu-nrs-goal&lt;4"/><identifier><value value="InterventionPlanforICUPatientsNRSGoal&lt;4"/></identifier><version value="7.0"/><name value="Intervention_Plan_ICU_Patients_NRS_Goal&lt;4"/><title value="Intervention plan for ICU Patients: NRS goal &lt;4"/><type><coding><system value="http://terminology.hl7.org/CodeSystem/plan-definition-type"/><code value="eca-rule"/></coding></type><status value="active"/><experimental value="true"/><subjectCanonical value="https://www.netzwerk-universitaetsmedizin.de/fhir/codex-celida/guideline/patients-icu-nrs-goal&lt;4/population/patients-icu-nrs-goal&lt;4"/><date value="2023-11"/><publisher value="NUM CODEX+ CELIDA"/><description value="In intensive care patients NRS should be &lt;4"/><goal id="pain-management-goal"><category><coding><system value="http://snomed.info/sct"/><code value="273249006"/><display value="Assessment scales (assessment scale)"/></coding></category><description><text value="NRS should not be &gt;4"/></description><target><measure><coding><system value="http://loinc.org"/><code value="72514-3"/><display value="Pain severity - 0-10 verbal numeric rating [Score] - Reported"/></coding></measure><detailRange><high><value value="3"/></high></detailRange></target></goal><action><code><coding><system value="http://snomed.info/sct"/><code value="278414003"/><display value="Pain management (procedure)"/></coding></code><goalId value="pain-management-goal"/></action></PlanDefinition>