<?xml version="1.0" encoding="UTF-8"?><PlanDefinition xmlns="http://hl7.org/fhir"><id value="InterventionPatientsICUDAASMonitoring"/><meta><profile value="https://www.netzwerk-universitaetsmedizin.de/fhir/cpg-on-ebm-on-fhir/StructureDefinition/recommendation-plan"/></meta><extension url="http://hl7.org/fhir/uv/cpg/StructureDefinition/cpg-knowledgeCapability"><valueCode value="computable"/></extension><extension url="http://hl7.org/fhir/uv/cpg/StructureDefinition/cpg-knowledgeRepresentationLevel"><valueCode value="structured"/></extension><extension url="http://hl7.org/fhir/uv/cpg/StructureDefinition/cpg-partOf"><valueCanonical value="https://www.netzwerk-universitaetsmedizin.de/fhir/codex-celida/guideline/patients-icu-daas-monitoring/recommendation/patients-icu-daas-monitoring"/></extension><url value="https://www.netzwerk-universitaetsmedizin.de/fhir/codex-celida/guideline/patients-icu-daas-monitoring/intervention-plan/patients-icu-daas-monitoring"/><identifier><value value="InterventionPlanforICUPatientsDAASMonitoring"/></identifier><version value="1.0"/><name value="Intervention_Plan_ICU_Patients_DAAS_Monitoring"/><title value="Intervention plan for ICU Patients: DAAS Monitoring with NuDESC or CAMICU"/><type><coding><system value="http://terminology.hl7.org/CodeSystem/plan-definition-type"/><code value="eca-rule"/></coding></type><status value="active"/><experimental value="true"/><subjectCanonical value="https://www.netzwerk-universitaetsmedizin.de/fhir/codex-celida/guideline/patients-icu-daas-monitoring/population/patients-icu-daas-monitoring"/><date value="2023-10"/><publisher value="NUM CODEX+ CELIDA"/><description value="In ICU Patients Findings ind DAAS Monitoring should be documented at least once per shift"/><action><code><coding><system value="http://snomed.info/sct"/><code value="386053000"/><display value="Evaluation procedure (procedure)"/></coding></code><selectionBehavior value="one-or-more"/><definitionCanonical value="https://www.netzwerk-universitaetsmedizin.de/fhir/codex-celida/guideline/patients-icu-delirium-monitoring/recommended-action/delirium-monitoring-CAMICU"/></action><action><code><coding><system value="http://snomed.info/sct"/><code value="386053000"/><display value="Evaluation procedure (procedure)"/></coding></code><selectionBehavior value="one-or-more"/><definitionCanonical value="https://www.netzwerk-universitaetsmedizin.de/fhir/codex-celida/guideline/patients-icu-delirium-monitoring/recommended-action/delirium-monitoring-NuDesc"/></action><action><code><coding><system value="http://snomed.info/sct"/><code value="386053000"/><display value="Evaluation procedure (procedure)"/></coding></code><selectionBehavior value="one-or-more"/><definitionCanonical value="https://www.netzwerk-universitaetsmedizin.de/fhir/codex-celida/guideline/patients-icu-sedation-monitoring/recommended-action/sedation-monitoring-RASS"/></action><action><code><coding><system value="http://snomed.info/sct"/><code value="386053000"/><display value="Evaluation procedure (procedure)"/></coding></code><selectionBehavior value="one-or-more"/><definitionCanonical value="https://www.netzwerk-universitaetsmedizin.de/fhir/codex-celida/guideline/patients-icu-pain-monitoring/recommended-action/pain-monitoring-NRS"/></action><action><code><coding><system value="http://snomed.info/sct"/><code value="386053000"/><display value="Evaluation procedure (procedure)"/></coding></code><selectionBehavior value="one-or-more"/><definitionCanonical value="https://www.netzwerk-universitaetsmedizin.de/fhir/codex-celida/guideline/patients-icu-pain-monitoring/recommended-action/pain-monitoring-VAS"/></action><action><code><coding><system value="http://snomed.info/sct"/><code value="386053000"/><display value="Evaluation procedure (procedure)"/></coding></code><selectionBehavior value="one-or-more"/><definitionCanonical value="https://www.netzwerk-universitaetsmedizin.de/fhir/codex-celida/guideline/patients-icu-pain-monitoring/recommended-action/pain-monitoring-VRS"/></action><action><code><coding><system value="http://snomed.info/sct"/><code value="386053000"/><display value="Evaluation procedure (procedure)"/></coding></code><selectionBehavior value="one-or-more"/><definitionCanonical value="https://www.netzwerk-universitaetsmedizin.de/fhir/codex-celida/guideline/patients-icu-pain-monitoring/recommended-action/pain-monitoring-FPS-R"/></action><action><code><coding><system value="http://snomed.info/sct"/><code value="386053000"/><display value="Evaluation procedure (procedure)"/></coding></code><selectionBehavior value="one-or-more"/><definitionCanonical value="https://www.netzwerk-universitaetsmedizin.de/fhir/codex-celida/guideline/patients-icu-pain-monitoring/recommended-action/pain-monitoring-BPS"/></action><action><code><coding><system value="http://snomed.info/sct"/><code value="386053000"/><display value="Evaluation procedure (procedure)"/></coding></code><selectionBehavior value="one-or-more"/><definitionCanonical value="https://www.netzwerk-universitaetsmedizin.de/fhir/codex-celida/guideline/patients-icu-pain-monitoring/recommended-action/pain-monitoring-CPOT"/></action><action><code><coding><system value="http://snomed.info/sct"/><code value="386053000"/><display value="Evaluation procedure (procedure)"/></coding></code><selectionBehavior value="one-or-more"/><definitionCanonical value="https://www.netzwerk-universitaetsmedizin.de/fhir/codex-celida/guideline/patients-icu-daas-monitoring/recommended-action/anxiety-monitoring-NuDesc"/></action></PlanDefinition>