<?xml version="1.0" encoding="UTF-8"?><PlanDefinition xmlns="http://hl7.org/fhir"><id value="InterventionPatientsICUnoDeliriumGoal"/><meta><profile value="https://www.netzwerk-universitaetsmedizin.de/fhir/cpg-on-ebm-on-fhir/StructureDefinition/recommendation-plan"/></meta><extension url="http://hl7.org/fhir/uv/cpg/StructureDefinition/cpg-knowledgeCapability"><valueCode value="computable"/></extension><extension url="http://hl7.org/fhir/uv/cpg/StructureDefinition/cpg-knowledgeRepresentationLevel"><valueCode value="structured"/></extension><extension url="http://hl7.org/fhir/uv/cpg/StructureDefinition/cpg-partOf"><valueCanonical value="https://www.netzwerk-universitaetsmedizin.de/fhir/codex-celida/guideline/patients-icu-no-delirium-goal/recommendation/patients-icu-no-delirium-goal"/></extension><url value="https://www.netzwerk-universitaetsmedizin.de/fhir/codex-celida/guideline/patients-icu-no-delirium-goal/intervention-plan/patients-icu-no-delirium"/><identifier><value value="InterventionPlanforICUPAtientsnoDeliriumGoal"/></identifier><version value="7.0"/><name value="Intervention_Plan_ICU_Patients_no_Delirium_Goal"/><title value="Intervention plan for ICU Patients: no Delirium Goal"/><type><coding><system value="http://terminology.hl7.org/CodeSystem/plan-definition-type"/><code value="eca-rule"/></coding></type><status value="active"/><experimental value="true"/><subjectCanonical value="https://www.netzwerk-universitaetsmedizin.de/fhir/codex-celida/guideline/patients-icu-no-delirium-goal/population/patients-icu-no-delirium-goal"/><date value="2023-09"/><publisher value="NUM CODEX+ CELIDA"/><description value="Intensive care patients should be delirium free"/><goal id="dlirium-management-goal"><category><coding><system value="http://snomed.info/sct"/><code value="273249006"/><display value="Assessment scales (assessment scale)"/></coding></category><description><text value="CAM-ICU should be negativ"/></description><target><measure><coding><system value="http://loinc.org"/><code value="54627-5"/><display value="Signs and symptoms of delirium (from CAM) [CAM.MDSv3]"/></coding></measure><detailCodeableConcept><coding><system value="http://snomed.info/sct"/><code value="260385009"/><display value="Negative (qualifier value)"/></coding></detailCodeableConcept></target></goal><action><code><coding><system value="http://snomed.info/sct"/><code value="386053000"/><display value="Evaluation procedure (procedure)"/></coding></code><selectionBehavior value="one-or-more"/><definitionCanonical value="https://www.netzwerk-universitaetsmedizin.de/fhir/codex-celida/guideline/patients-icu-no-delirium-goal/recommended-action/delirium-monitoring-CAMICU"/></action></PlanDefinition>