<?xml version="1.0" encoding="UTF-8"?><PlanDefinition xmlns="http://hl7.org/fhir"><id value="InterventionPatientsICUSedationMonitoring"/><meta><profile value="https://www.netzwerk-universitaetsmedizin.de/fhir/cpg-on-ebm-on-fhir/StructureDefinition/recommendation-plan"/></meta><extension url="http://hl7.org/fhir/uv/cpg/StructureDefinition/cpg-knowledgeCapability"><valueCode value="computable"/></extension><extension url="http://hl7.org/fhir/uv/cpg/StructureDefinition/cpg-knowledgeRepresentationLevel"><valueCode value="structured"/></extension><extension url="http://hl7.org/fhir/uv/cpg/StructureDefinition/cpg-partOf"><valueCanonical value="https://www.netzwerk-universitaetsmedizin.de/fhir/codex-celida/guideline/patients-icu-sedation-monitoring/recommendation/patients-icu-sedation-monitoring"/></extension><url value="https://www.netzwerk-universitaetsmedizin.de/fhir/codex-celida/guideline/patients-icu-sedation-monitoring/intervention-plan/patients-icu-sedation-monitoring"/><identifier><value value="InterventionPlanforICUPatientsSedationMonitoring"/></identifier><version value="7.0"/><name value="Intervention_Plan_ICU_Patients_Sedation_Monitoring"/><title value="Intervention plan for ICU Patients: Sedation Monitoring"/><type><coding><system value="http://terminology.hl7.org/CodeSystem/plan-definition-type"/><code value="eca-rule"/></coding></type><status value="active"/><experimental value="true"/><subjectCanonical value="https://www.netzwerk-universitaetsmedizin.de/fhir/codex-celida/guideline/patients-icu-sedationmonitoring/population/patients-icu-sedation-monitoring"/><date value="2023-10"/><publisher value="NUM CODEX+ CELIDA"/><description value="In intensive care patients sedation goal and sedation degree should be monitored at least 1 time per shift "/><action><code><coding><system value="http://snomed.info/sct"/><code value="386053000"/><display value="Evaluation procedure (procedure)"/></coding></code><selectionBehavior value="one-or-more"/><definitionCanonical value="https://www.netzwerk-universitaetsmedizin.de/fhir/codex-celida/guideline/patients-icu-sedation-monitoring/recommended-action/sedation-monitoring-RASS"/></action></PlanDefinition>