<?xml version="1.0" encoding="UTF-8"?>

<PlanDefinition xmlns="http://hl7.org/fhir">
  <id value="InterventionPatientsICUDeliriumMonitoring"/>
  <meta>
    <profile value="https://www.netzwerk-universitaetsmedizin.de/fhir/cpg-on-ebm-on-fhir/StructureDefinition/recommendation-plan"/>
  </meta>
  <text>
    <status value="extensions"/><div xmlns="http://www.w3.org/1999/xhtml"><p><b>Generated Narrative: PlanDefinition</b><a name="InterventionPatientsICUDeliriumMonitoring"> </a></p><div style="display: inline-block; background-color: #d9e0e7; padding: 6px; margin: 4px; border: 1px solid #8da1b4; border-radius: 5px; line-height: 60%"><p style="margin-bottom: 0px">Resource PlanDefinition &quot;InterventionPatientsICUDeliriumMonitoring&quot; </p><p style="margin-bottom: 0px">Profile: <a href="file:///github/workspace/output/StructureDefinition-recommendation-plan.html">Recommendation Plan</a></p></div><p><b>knowledgeCapability</b>: computable</p><p><b>knowledgeRepresentationLevel</b>: structured</p><p><b>partOf</b>: <a href="PlanDefinition-RecommendationPatientsICUDeliriumMonitoring.html">Intervention for Population: ICU Patients - Delirium Monitoring</a></p><p><b>url</b>: <code>https://www.netzwerk-universitaetsmedizin.de/fhir/codex-celida/guideline/patients-icu-delirium-monitoring/intervention-plan/patients-icu-delirium-monitoring</code></p><p><b>identifier</b>: id: InterventionPlanforICUPatientsDeliriumMonitoring</p><p><b>version</b>: 1.0</p><p><b>name</b>: Intervention_Plan_ICU_Patients_Delirium_Monitoring</p><p><b>title</b>: Intervention plan for ICU Patients: Delirium Monitoring with NuDESC or CAMICU</p><p><b>type</b>: ECA Rule <span style="background: LightGoldenRodYellow; margin: 4px; border: 1px solid khaki"> (<a href="http://terminology.hl7.org/5.3.0/CodeSystem-plan-definition-type.html">PlanDefinitionType</a>#eca-rule)</span></p><p><b>status</b>: active</p><p><b>experimental</b>: true</p><p><b>subject</b>: <a href="EvidenceVariable-PopulationPatientsICUDeliriumMonitoring.html">Population: ICU Patients: Delirium Monitoring</a></p><p><b>date</b>: 2023-10</p><p><b>publisher</b>: NUM CODEX+ CELIDA</p><p><b>description</b>: In ICU Patients Findings ind Delirium Monitoring should be documented at least once per shift</p><blockquote><p><b>action</b></p><p><b>code</b>: Evaluation procedure (procedure) <span style="background: LightGoldenRodYellow; margin: 4px; border: 1px solid khaki"> (<a href="https://browser.ihtsdotools.org/">SNOMED CT</a>#386053000)</span></p><p><b>selectionBehavior</b>: one-or-more</p><p><b>definition</b>: <a href="ActivityDefinition-DeliriumMonitoringCAMICU.html">Delirium Monitoring with CAMICU</a></p></blockquote><blockquote><p><b>action</b></p><p><b>code</b>: Evaluation procedure (procedure) <span style="background: LightGoldenRodYellow; margin: 4px; border: 1px solid khaki"> (<a href="https://browser.ihtsdotools.org/">SNOMED CT</a>#386053000)</span></p><p><b>selectionBehavior</b>: one-or-more</p><p><b>definition</b>: <a href="ActivityDefinition-DeliriumMonitoringNuDESC.html">Delirium Monitoring with NuDESC</a></p></blockquote></div>
  </text>
  <extension url="http://hl7.org/fhir/uv/cpg/StructureDefinition/cpg-knowledgeCapability">
    <valueCode value="computable"/>
  </extension>
  <extension url="http://hl7.org/fhir/uv/cpg/StructureDefinition/cpg-knowledgeRepresentationLevel">
    <valueCode value="structured"/>
  </extension>
  <extension url="http://hl7.org/fhir/uv/cpg/StructureDefinition/cpg-partOf">
    <valueCanonical value="https://www.netzwerk-universitaetsmedizin.de/fhir/codex-celida/guideline/patients-icu-delirium-monitoring/recommendation/patients-icu-delirium-monitoring"/>
  </extension>
  <url value="https://www.netzwerk-universitaetsmedizin.de/fhir/codex-celida/guideline/patients-icu-delirium-monitoring/intervention-plan/patients-icu-delirium-monitoring"/>
  <identifier>
    <value value="InterventionPlanforICUPatientsDeliriumMonitoring"/>
  </identifier>
  <version value="1.0"/>
  <name value="Intervention_Plan_ICU_Patients_Delirium_Monitoring"/>
  <title value="Intervention plan for ICU Patients: Delirium Monitoring with NuDESC or CAMICU"/>
  <type>
    <coding>
      <system value="http://terminology.hl7.org/CodeSystem/plan-definition-type"/>
      <code value="eca-rule"/>
    </coding>
  </type>
  <status value="active"/>
  <experimental value="true"/>
  <subjectCanonical value="https://www.netzwerk-universitaetsmedizin.de/fhir/codex-celida/guideline/patients-icu-delirium-monitoring/population/patients-icu-delirium-monitoring"/>
  <date value="2023-10"/>
  <publisher value="NUM CODEX+ CELIDA"/>
  <description value="In ICU Patients Findings ind Delirium Monitoring should be documented at least once per shift"/>
  <action>
    <code>
      <coding>
        <system value="http://snomed.info/sct"/>
        <code value="386053000"/>
        <display value="Evaluation procedure (procedure)"/>
      </coding>
    </code>
    <selectionBehavior value="one-or-more"/>
    <definitionCanonical value="https://www.netzwerk-universitaetsmedizin.de/fhir/codex-celida/guideline/patients-icu-delirium-monitoring/recommended-action/delirium-monitoring-CAMICU"/>
  </action>
  <action>
    <code>
      <coding>
        <system value="http://snomed.info/sct"/>
        <code value="386053000"/>
        <display value="Evaluation procedure (procedure)"/>
      </coding>
    </code>
    <selectionBehavior value="one-or-more"/>
    <definitionCanonical value="https://www.netzwerk-universitaetsmedizin.de/fhir/codex-celida/guideline/patients-icu-delirium-monitoring/recommended-action/delirium-monitoring-NuDesc"/>
  </action>
</PlanDefinition>