<?xml version="1.0" encoding="UTF-8"?>

<PlanDefinition xmlns="http://hl7.org/fhir">
  <id value="InterventionPatientsICUSedationGoal"/>
  <meta>
    <profile value="https://www.netzwerk-universitaetsmedizin.de/fhir/cpg-on-ebm-on-fhir/StructureDefinition/recommendation-plan"/>
  </meta>
  <text>
    <status value="extensions"/><div xmlns="http://www.w3.org/1999/xhtml"><p><b>Generated Narrative: PlanDefinition</b><a name="InterventionPatientsICUSedationGoal"> </a></p><div style="display: inline-block; background-color: #d9e0e7; padding: 6px; margin: 4px; border: 1px solid #8da1b4; border-radius: 5px; line-height: 60%"><p style="margin-bottom: 0px">Resource PlanDefinition &quot;InterventionPatientsICUSedationGoal&quot; </p><p style="margin-bottom: 0px">Profile: <a href="file:///github/workspace/output/StructureDefinition-recommendation-plan.html">Recommendation Plan</a></p></div><p><b>knowledgeCapability</b>: computable</p><p><b>knowledgeRepresentationLevel</b>: structured</p><p><b>partOf</b>: <a href="PlanDefinition-RecommendationPatientsICUSedationGoal.html">RASS Intervention for Population: Sedation Goal RASS</a></p><p><b>url</b>: <code>https://www.netzwerk-universitaetsmedizin.de/fhir/codex-celida/guideline/patients-icu-sedation-goal/intervention-plan/patients-icu-sedation-goal</code></p><p><b>identifier</b>: id: InterventionPlanforICUPAtientsSedationGoal</p><p><b>version</b>: 7.0</p><p><b>name</b>: Intervention_Plan_ICU_Patients_Sedation_Goal</p><p><b>title</b>: Intervention plan for ICU Patients:  Sedation Goal is RASS 0 to -1, with exeption for specificaly indicated deeper sedation</p><p><b>type</b>: ECA Rule <span style="background: LightGoldenRodYellow; margin: 4px; border: 1px solid khaki"> (<a href="http://terminology.hl7.org/5.3.0/CodeSystem-plan-definition-type.html">PlanDefinitionType</a>#eca-rule)</span></p><p><b>status</b>: active</p><p><b>experimental</b>: true</p><p><b>subject</b>: <a href="EvidenceVariable-PopulationPatientsICUSedationGoal.html">Population: ICU Patients Sedation goal RASS 0 to -1</a></p><p><b>date</b>: 2023-11</p><p><b>publisher</b>: NUM CODEX+ CELIDA</p><p><b>description</b>: In intensive care patients Seadtion in RASS should be 0 or -1, with exeption for specificaly indicated deeper sedation</p><blockquote><p><b>goal</b></p><blockquote><p><b>id</b></p>sedation-management-RASS-goal</blockquote><p><b>category</b>: Assessment scales (assessment scale) <span style="background: LightGoldenRodYellow; margin: 4px; border: 1px solid khaki"> (<a href="https://browser.ihtsdotools.org/">SNOMED CT</a>#273249006)</span></p><p><b>description</b>: RASS should be 0 to -1 <span style="background: LightGoldenRodYellow; margin: 4px; border: 1px solid khaki"> ()</span></p><h3>Targets</h3><table class="grid"><tr><td style="display: none">-</td><td><b>Measure</b></td><td><b>Detail[x]</b></td></tr><tr><td style="display: none">*</td><td>Richmond agitation-sedation scale <span style="background: LightGoldenRodYellow; margin: 4px; border: 1px solid khaki"> (SNOMED CT#457441000124102)</span></td><td>-1-0</td></tr></table></blockquote><h3>Actions</h3><table class="grid"><tr><td style="display: none">-</td><td><b>Code</b></td><td><b>GoalId</b></td></tr><tr><td style="display: none">*</td><td>Sedation management (regime/therapy) <span style="background: LightGoldenRodYellow; margin: 4px; border: 1px solid khaki"> (<a href="https://browser.ihtsdotools.org/">SNOMED CT</a>#406187008)</span></td><td>sedation-management-RASS-goal</td></tr></table></div>
  </text>
  <extension url="http://hl7.org/fhir/uv/cpg/StructureDefinition/cpg-knowledgeCapability">
    <valueCode value="computable"/>
  </extension>
  <extension url="http://hl7.org/fhir/uv/cpg/StructureDefinition/cpg-knowledgeRepresentationLevel">
    <valueCode value="structured"/>
  </extension>
  <extension url="http://hl7.org/fhir/uv/cpg/StructureDefinition/cpg-partOf">
    <valueCanonical value="https://www.netzwerk-universitaetsmedizin.de/fhir/codex-celida/guideline/patients-icu-Sedation-goal/recommendation/patients-icu-sedation-goal"/>
  </extension>
  <url value="https://www.netzwerk-universitaetsmedizin.de/fhir/codex-celida/guideline/patients-icu-sedation-goal/intervention-plan/patients-icu-sedation-goal"/>
  <identifier>
    <value value="InterventionPlanforICUPAtientsSedationGoal"/>
  </identifier>
  <version value="7.0"/>
  <name value="Intervention_Plan_ICU_Patients_Sedation_Goal"/>
  <title value="Intervention plan for ICU Patients:  Sedation Goal is RASS 0 to -1, with exeption for specificaly indicated deeper sedation"/>
  <type>
    <coding>
      <system value="http://terminology.hl7.org/CodeSystem/plan-definition-type"/>
      <code value="eca-rule"/>
    </coding>
  </type>
  <status value="active"/>
  <experimental value="true"/>
  <subjectCanonical value="https://www.netzwerk-universitaetsmedizin.de/fhir/codex-celida/guideline/patients-icu-Sedation-goal/population/patients-icu-sedation-goal"/>
  <date value="2023-11"/>
  <publisher value="NUM CODEX+ CELIDA"/>
  <description value="In intensive care patients Seadtion in RASS should be 0 or -1, with exeption for specificaly indicated deeper sedation"/>
  <goal id="sedation-management-RASS-goal">
    <category>
      <coding>
        <system value="http://snomed.info/sct"/>
        <code value="273249006"/>
        <display value="Assessment scales (assessment scale)"/>
      </coding>
    </category>
    <description>
      <text value="RASS should be 0 to -1"/>
    </description>
    <target>
      <measure>
        <coding>
          <system value="http://snomed.info/sct/731000124108"/>
          <code value="457441000124102"/>
          <display value="Richmond agitation-sedation scale"/>
        </coding>
      </measure>
      <detailRange>
        <low>
          <value value="-1"/>
        </low>
        <high>
          <value value="0"/>
        </high>
      </detailRange>
    </target>
  </goal>
  <action>
    <code>
      <coding>
        <system value="http://snomed.info/sct"/>
        <code value="406187008"/>
        <display value="Sedation management (regime/therapy)"/>
      </coding>
    </code>
    <goalId value="sedation-management-RASS-goal"/>
  </action>
</PlanDefinition>