{
  "resourceType" : "PlanDefinition",
  "id" : "InterventionPatientsICUNRSgoal",
  "meta" : {
    "profile" : ["https://www.netzwerk-universitaetsmedizin.de/fhir/cpg-on-ebm-on-fhir/StructureDefinition/recommendation-plan"]
  },
  "text" : {
    "status" : "extensions",
    "div" : "<div xmlns=\"http://www.w3.org/1999/xhtml\"><p><b>Generated Narrative: PlanDefinition</b><a name=\"InterventionPatientsICUNRSgoal\"> </a></p><div style=\"display: inline-block; background-color: #d9e0e7; padding: 6px; margin: 4px; border: 1px solid #8da1b4; border-radius: 5px; line-height: 60%\"><p style=\"margin-bottom: 0px\">Resource PlanDefinition &quot;InterventionPatientsICUNRSgoal&quot; </p><p style=\"margin-bottom: 0px\">Profile: <a href=\"file:///github/workspace/output/StructureDefinition-recommendation-plan.html\">Recommendation Plan</a></p></div><p><b>knowledgeCapability</b>: computable</p><p><b>knowledgeRepresentationLevel</b>: structured</p><p><b>partOf</b>: <a href=\"PlanDefinition-RecommendationPatientsICUNRSgoal.html\">NRS Intervention for Population: ICU Patients NRS goal &lt;4</a></p><p><b>url</b>: <code>https://www.netzwerk-universitaetsmedizin.de/fhir/codex-celida/guideline/patients-icu-nrs-goal&lt;4/intervention-plan/patients-icu-nrs-goal&lt;4</code></p><p><b>identifier</b>: id:\u00a0InterventionPlanforICUPatientsNRSGoal&lt;4</p><p><b>version</b>: 7.0</p><p><b>name</b>: Intervention_Plan_ICU_Patients_NRS_Goal&lt;4</p><p><b>title</b>: Intervention plan for ICU Patients: NRS goal &lt;4</p><p><b>type</b>: ECA Rule <span style=\"background: LightGoldenRodYellow; margin: 4px; border: 1px solid khaki\"> (<a href=\"http://terminology.hl7.org/5.3.0/CodeSystem-plan-definition-type.html\">PlanDefinitionType</a>#eca-rule)</span></p><p><b>status</b>: active</p><p><b>experimental</b>: true</p><p><b>subject</b>: <a href=\"EvidenceVariable-PopulationPatientsICUNRSgoal.html\">Population: ICU Patients NRS goal &lt;4</a></p><p><b>date</b>: 2023-11</p><p><b>publisher</b>: NUM CODEX+ CELIDA</p><p><b>description</b>: In intensive care patients NRS should be &lt;4</p><blockquote><p><b>goal</b></p><blockquote><p><b>id</b></p>pain-management-goal</blockquote><p><b>category</b>: Assessment scales (assessment scale) <span style=\"background: LightGoldenRodYellow; margin: 4px; border: 1px solid khaki\"> (<a href=\"https://browser.ihtsdotools.org/\">SNOMED CT</a>#273249006)</span></p><p><b>description</b>: NRS should not be &gt;4 <span style=\"background: LightGoldenRodYellow; margin: 4px; border: 1px solid khaki\"> ()</span></p><h3>Targets</h3><table class=\"grid\"><tr><td style=\"display: none\">-</td><td><b>Measure</b></td><td><b>Detail[x]</b></td></tr><tr><td style=\"display: none\">*</td><td>Pain severity - 0-10 verbal numeric rating [Score] - Reported <span style=\"background: LightGoldenRodYellow; margin: 4px; border: 1px solid khaki\"> (<a href=\"https://loinc.org/\">LOINC</a>#72514-3)</span></td><td>?-3</td></tr></table></blockquote><h3>Actions</h3><table class=\"grid\"><tr><td style=\"display: none\">-</td><td><b>Code</b></td><td><b>GoalId</b></td></tr><tr><td style=\"display: none\">*</td><td>Pain management (procedure) <span style=\"background: LightGoldenRodYellow; margin: 4px; border: 1px solid khaki\"> (<a href=\"https://browser.ihtsdotools.org/\">SNOMED CT</a>#278414003)</span></td><td>pain-management-goal</td></tr></table></div>"
  },
  "extension" : [{
    "url" : "http://hl7.org/fhir/uv/cpg/StructureDefinition/cpg-knowledgeCapability",
    "valueCode" : "computable"
  },
  {
    "url" : "http://hl7.org/fhir/uv/cpg/StructureDefinition/cpg-knowledgeRepresentationLevel",
    "valueCode" : "structured"
  },
  {
    "url" : "http://hl7.org/fhir/uv/cpg/StructureDefinition/cpg-partOf",
    "valueCanonical" : "https://www.netzwerk-universitaetsmedizin.de/fhir/codex-celida/guideline/patients-icu-nrs-goal<4/recommendation/patients-icu-nrs-goal<4"
  }],
  "url" : "https://www.netzwerk-universitaetsmedizin.de/fhir/codex-celida/guideline/patients-icu-nrs-goal<4/intervention-plan/patients-icu-nrs-goal<4",
  "identifier" : [{
    "value" : "InterventionPlanforICUPatientsNRSGoal<4"
  }],
  "version" : "7.0",
  "name" : "Intervention_Plan_ICU_Patients_NRS_Goal<4",
  "title" : "Intervention plan for ICU Patients: NRS goal <4",
  "type" : {
    "coding" : [{
      "system" : "http://terminology.hl7.org/CodeSystem/plan-definition-type",
      "code" : "eca-rule"
    }]
  },
  "status" : "active",
  "experimental" : true,
  "subjectCanonical" : "https://www.netzwerk-universitaetsmedizin.de/fhir/codex-celida/guideline/patients-icu-nrs-goal<4/population/patients-icu-nrs-goal<4",
  "date" : "2023-11",
  "publisher" : "NUM CODEX+ CELIDA",
  "description" : "In intensive care patients NRS should be <4",
  "goal" : [{
    "id" : "pain-management-goal",
    "category" : {
      "coding" : [{
        "system" : "http://snomed.info/sct",
        "code" : "273249006",
        "display" : "Assessment scales (assessment scale)"
      }]
    },
    "description" : {
      "text" : "NRS should not be >4"
    },
    "target" : [{
      "measure" : {
        "coding" : [{
          "system" : "http://loinc.org",
          "code" : "72514-3",
          "display" : "Pain severity - 0-10 verbal numeric rating [Score] - Reported"
        }]
      },
      "detailRange" : {
        "high" : {
          "value" : 3
        }
      }
    }]
  }],
  "action" : [{
    "code" : {
      "coding" : [{
        "system" : "http://snomed.info/sct",
        "code" : "278414003",
        "display" : "Pain management (procedure)"
      }]
    },
    "goalId" : ["pain-management-goal"]
  }]
}