{
  "resourceType" : "PlanDefinition",
  "id" : "InterventionPatientsICUnoDeliriumGoal",
  "meta" : {
    "profile" : ["https://www.netzwerk-universitaetsmedizin.de/fhir/cpg-on-ebm-on-fhir/StructureDefinition/recommendation-plan"]
  },
  "text" : {
    "status" : "extensions",
    "div" : "<div xmlns=\"http://www.w3.org/1999/xhtml\"><p><b>Generated Narrative: PlanDefinition</b><a name=\"InterventionPatientsICUnoDeliriumGoal\"> </a></p><div style=\"display: inline-block; background-color: #d9e0e7; padding: 6px; margin: 4px; border: 1px solid #8da1b4; border-radius: 5px; line-height: 60%\"><p style=\"margin-bottom: 0px\">Resource PlanDefinition &quot;InterventionPatientsICUnoDeliriumGoal&quot; </p><p style=\"margin-bottom: 0px\">Profile: <a href=\"file:///github/workspace/output/StructureDefinition-recommendation-plan.html\">Recommendation Plan</a></p></div><p><b>knowledgeCapability</b>: computable</p><p><b>knowledgeRepresentationLevel</b>: structured</p><p><b>partOf</b>: <a href=\"PlanDefinition-RecommendationPatientsICUnoDeliriumGoal.html\">Delirium Intervention for Population: ICU Patients Delirium Goal</a></p><p><b>url</b>: <code>https://www.netzwerk-universitaetsmedizin.de/fhir/codex-celida/guideline/patients-icu-no-delirium-goal/intervention-plan/patients-icu-no-delirium</code></p><p><b>identifier</b>: id:\u00a0InterventionPlanforICUPAtientsnoDeliriumGoal</p><p><b>version</b>: 7.0</p><p><b>name</b>: Intervention_Plan_ICU_Patients_no_Delirium_Goal</p><p><b>title</b>: Intervention plan for ICU Patients: no Delirium Goal</p><p><b>type</b>: ECA Rule <span style=\"background: LightGoldenRodYellow; margin: 4px; border: 1px solid khaki\"> (<a href=\"http://terminology.hl7.org/5.3.0/CodeSystem-plan-definition-type.html\">PlanDefinitionType</a>#eca-rule)</span></p><p><b>status</b>: active</p><p><b>experimental</b>: true</p><p><b>subject</b>: <a href=\"EvidenceVariable-PopulationPatientsICUnoDeliriumGoal.html\">Population: ICU Patients no Delirium Goal</a></p><p><b>date</b>: 2023-09</p><p><b>publisher</b>: NUM CODEX+ CELIDA</p><p><b>description</b>: Intensive care patients should be delirium free</p><blockquote><p><b>goal</b></p><blockquote><p><b>id</b></p>dlirium-management-goal</blockquote><p><b>category</b>: Assessment scales (assessment scale) <span style=\"background: LightGoldenRodYellow; margin: 4px; border: 1px solid khaki\"> (<a href=\"https://browser.ihtsdotools.org/\">SNOMED CT</a>#273249006)</span></p><p><b>description</b>: CAM-ICU should be negativ <span style=\"background: LightGoldenRodYellow; margin: 4px; border: 1px solid khaki\"> ()</span></p><h3>Targets</h3><table class=\"grid\"><tr><td style=\"display: none\">-</td><td><b>Measure</b></td><td><b>Detail[x]</b></td></tr><tr><td style=\"display: none\">*</td><td>Signs and symptoms of delirium (from CAM) [CAM.MDSv3] <span style=\"background: LightGoldenRodYellow; margin: 4px; border: 1px solid khaki\"> (<a href=\"https://loinc.org/\">LOINC</a>#54627-5)</span></td><td>Negative (qualifier value) <span style=\"background: LightGoldenRodYellow; margin: 4px; border: 1px solid khaki\"> (<a href=\"https://browser.ihtsdotools.org/\">SNOMED CT</a>#260385009)</span></td></tr></table></blockquote><h3>Actions</h3><table class=\"grid\"><tr><td style=\"display: none\">-</td><td><b>Code</b></td><td><b>SelectionBehavior</b></td><td><b>Definition[x]</b></td></tr><tr><td style=\"display: none\">*</td><td>Evaluation procedure (procedure) <span style=\"background: LightGoldenRodYellow; margin: 4px; border: 1px solid khaki\"> (<a href=\"https://browser.ihtsdotools.org/\">SNOMED CT</a>#386053000)</span></td><td>one-or-more</td><td><a href=\"ActivityDefinition-DeliriumMonitoringCAMICUnegative.html\">Delirium Monitoring with CAMICU</a></td></tr></table></div>"
  },
  "extension" : [{
    "url" : "http://hl7.org/fhir/uv/cpg/StructureDefinition/cpg-knowledgeCapability",
    "valueCode" : "computable"
  },
  {
    "url" : "http://hl7.org/fhir/uv/cpg/StructureDefinition/cpg-knowledgeRepresentationLevel",
    "valueCode" : "structured"
  },
  {
    "url" : "http://hl7.org/fhir/uv/cpg/StructureDefinition/cpg-partOf",
    "valueCanonical" : "https://www.netzwerk-universitaetsmedizin.de/fhir/codex-celida/guideline/patients-icu-no-delirium-goal/recommendation/patients-icu-no-delirium-goal"
  }],
  "url" : "https://www.netzwerk-universitaetsmedizin.de/fhir/codex-celida/guideline/patients-icu-no-delirium-goal/intervention-plan/patients-icu-no-delirium",
  "identifier" : [{
    "value" : "InterventionPlanforICUPAtientsnoDeliriumGoal"
  }],
  "version" : "7.0",
  "name" : "Intervention_Plan_ICU_Patients_no_Delirium_Goal",
  "title" : "Intervention plan for ICU Patients: no Delirium Goal",
  "type" : {
    "coding" : [{
      "system" : "http://terminology.hl7.org/CodeSystem/plan-definition-type",
      "code" : "eca-rule"
    }]
  },
  "status" : "active",
  "experimental" : true,
  "subjectCanonical" : "https://www.netzwerk-universitaetsmedizin.de/fhir/codex-celida/guideline/patients-icu-no-delirium-goal/population/patients-icu-no-delirium-goal",
  "date" : "2023-09",
  "publisher" : "NUM CODEX+ CELIDA",
  "description" : "Intensive care patients should be delirium free",
  "goal" : [{
    "id" : "dlirium-management-goal",
    "category" : {
      "coding" : [{
        "system" : "http://snomed.info/sct",
        "code" : "273249006",
        "display" : "Assessment scales (assessment scale)"
      }]
    },
    "description" : {
      "text" : "CAM-ICU should be negativ"
    },
    "target" : [{
      "measure" : {
        "coding" : [{
          "system" : "http://loinc.org",
          "code" : "54627-5",
          "display" : "Signs and symptoms of delirium (from CAM) [CAM.MDSv3]"
        }]
      },
      "detailCodeableConcept" : {
        "coding" : [{
          "system" : "http://snomed.info/sct",
          "code" : "260385009",
          "display" : "Negative (qualifier value)"
        }]
      }
    }]
  }],
  "action" : [{
    "code" : {
      "coding" : [{
        "system" : "http://snomed.info/sct",
        "code" : "386053000",
        "display" : "Evaluation procedure (procedure)"
      }]
    },
    "selectionBehavior" : "one-or-more",
    "definitionCanonical" : "https://www.netzwerk-universitaetsmedizin.de/fhir/codex-celida/guideline/patients-icu-no-delirium-goal/recommended-action/delirium-monitoring-CAMICU"
  }]
}