{
  "resourceType" : "PlanDefinition",
  "id" : "InterventionPatientsICUSedationMonitoring",
  "meta" : {
    "profile" : ["https://www.netzwerk-universitaetsmedizin.de/fhir/cpg-on-ebm-on-fhir/StructureDefinition/recommendation-plan"]
  },
  "text" : {
    "status" : "extensions",
    "div" : "<div xmlns=\"http://www.w3.org/1999/xhtml\"><p><b>Generated Narrative: PlanDefinition</b><a name=\"InterventionPatientsICUSedationMonitoring\"> </a></p><div style=\"display: inline-block; background-color: #d9e0e7; padding: 6px; margin: 4px; border: 1px solid #8da1b4; border-radius: 5px; line-height: 60%\"><p style=\"margin-bottom: 0px\">Resource PlanDefinition &quot;InterventionPatientsICUSedationMonitoring&quot; </p><p style=\"margin-bottom: 0px\">Profile: <a href=\"file:///github/workspace/output/StructureDefinition-recommendation-plan.html\">Recommendation Plan</a></p></div><p><b>knowledgeCapability</b>: computable</p><p><b>knowledgeRepresentationLevel</b>: structured</p><p><b>partOf</b>: <a href=\"PlanDefinition-RecommendationPatientsICUSedationMonitoring.html\">Intervention for Population: ICU Patients - Sedation Monitoring</a></p><p><b>url</b>: <code>https://www.netzwerk-universitaetsmedizin.de/fhir/codex-celida/guideline/patients-icu-sedation-monitoring/intervention-plan/patients-icu-sedation-monitoring</code></p><p><b>identifier</b>: id:\u00a0InterventionPlanforICUPatientsSedationMonitoring</p><p><b>version</b>: 7.0</p><p><b>name</b>: Intervention_Plan_ICU_Patients_Sedation_Monitoring</p><p><b>title</b>: Intervention plan for ICU Patients: Sedation Monitoring</p><p><b>type</b>: ECA Rule <span style=\"background: LightGoldenRodYellow; margin: 4px; border: 1px solid khaki\"> (<a href=\"http://terminology.hl7.org/5.3.0/CodeSystem-plan-definition-type.html\">PlanDefinitionType</a>#eca-rule)</span></p><p><b>status</b>: active</p><p><b>experimental</b>: true</p><p><b>subject</b>: <a href=\"EvidenceVariable-PopulationPatientsICUSedationMonitoring.html\">Population: ICU Patients: Sedation Monitoring</a></p><p><b>date</b>: 2023-10</p><p><b>publisher</b>: NUM CODEX+ CELIDA</p><p><b>description</b>: In intensive care patients sedation goal and sedation degree should be monitored at least 1 time per shift </p><h3>Actions</h3><table class=\"grid\"><tr><td style=\"display: none\">-</td><td><b>Code</b></td><td><b>SelectionBehavior</b></td><td><b>Definition[x]</b></td></tr><tr><td style=\"display: none\">*</td><td>Evaluation procedure (procedure) <span style=\"background: LightGoldenRodYellow; margin: 4px; border: 1px solid khaki\"> (<a href=\"https://browser.ihtsdotools.org/\">SNOMED CT</a>#386053000)</span></td><td>one-or-more</td><td><a href=\"ActivityDefinition-SedationMonitoringRASS.html\">Sedation Monitoring with RASS</a></td></tr></table></div>"
  },
  "extension" : [{
    "url" : "http://hl7.org/fhir/uv/cpg/StructureDefinition/cpg-knowledgeCapability",
    "valueCode" : "computable"
  },
  {
    "url" : "http://hl7.org/fhir/uv/cpg/StructureDefinition/cpg-knowledgeRepresentationLevel",
    "valueCode" : "structured"
  },
  {
    "url" : "http://hl7.org/fhir/uv/cpg/StructureDefinition/cpg-partOf",
    "valueCanonical" : "https://www.netzwerk-universitaetsmedizin.de/fhir/codex-celida/guideline/patients-icu-sedation-monitoring/recommendation/patients-icu-sedation-monitoring"
  }],
  "url" : "https://www.netzwerk-universitaetsmedizin.de/fhir/codex-celida/guideline/patients-icu-sedation-monitoring/intervention-plan/patients-icu-sedation-monitoring",
  "identifier" : [{
    "value" : "InterventionPlanforICUPatientsSedationMonitoring"
  }],
  "version" : "7.0",
  "name" : "Intervention_Plan_ICU_Patients_Sedation_Monitoring",
  "title" : "Intervention plan for ICU Patients: Sedation Monitoring",
  "type" : {
    "coding" : [{
      "system" : "http://terminology.hl7.org/CodeSystem/plan-definition-type",
      "code" : "eca-rule"
    }]
  },
  "status" : "active",
  "experimental" : true,
  "subjectCanonical" : "https://www.netzwerk-universitaetsmedizin.de/fhir/codex-celida/guideline/patients-icu-sedationmonitoring/population/patients-icu-sedation-monitoring",
  "date" : "2023-10",
  "publisher" : "NUM CODEX+ CELIDA",
  "description" : "In intensive care patients sedation goal and sedation degree should be monitored at least 1 time per shift ",
  "action" : [{
    "code" : {
      "coding" : [{
        "system" : "http://snomed.info/sct",
        "code" : "386053000",
        "display" : "Evaluation procedure (procedure)"
      }]
    },
    "selectionBehavior" : "one-or-more",
    "definitionCanonical" : "https://www.netzwerk-universitaetsmedizin.de/fhir/codex-celida/guideline/patients-icu-sedation-monitoring/recommended-action/sedation-monitoring-RASS"
  }]
}