{
  "package": "template.cpg-on-ebmonfhir.netzwerk-universitaetsmedizin.de",
  "version": "0.0.1-snapshot",
  "fhirVersion": "5.0.0",
  "extensions": [],
  "profiles": {},
  "usage": {
    "http://hl7.org/fhir/tools/StructureDefinition/ig-internal-dependency": [
      "ImplementationGuide.definition"
    ],
    "http://hl7.org/fhir/tools/StructureDefinition/implementationguide-dependency-comment": [
      "ImplementationGuide.dependsOn"
    ],
    "http://hl7.org/fhir/tools/StructureDefinition/resource-information": [
      "ImplementationGuide.definition.resource"
    ],
    "http://hl7.org/fhir/uv/cpg/StructureDefinition/cpg-knowledgeCapability": [
      "ActivityDefinition",
      "PlanDefinition"
    ],
    "http://hl7.org/fhir/uv/cpg/StructureDefinition/cpg-knowledgeRepresentationLevel": [
      "ActivityDefinition",
      "PlanDefinition"
    ],
    "http://hl7.org/fhir/uv/cpg/StructureDefinition/cpg-partOf": [
      "PlanDefinition"
    ]
  }
}