{"resourceType":"ActivityDefinition","id":"DeliriumMonitoringCAMICU","meta":{"profile":["https://www.netzwerk-universitaetsmedizin.de/fhir/cpg-on-ebm-on-fhir/StructureDefinition/assessment-action"]},"extension":[{"url":"http://hl7.org/fhir/uv/cpg/StructureDefinition/cpg-knowledgeCapability","valueCode":"computable"},{"url":"http://hl7.org/fhir/uv/cpg/StructureDefinition/cpg-knowledgeRepresentationLevel","valueCode":"structured"}],"url":"https://www.netzwerk-universitaetsmedizin.de/fhir/codex-celida/guideline/patients-icu-delirium-monitoring/recommended-action/delirium-monitoring-CAMICU","version":"1.0","name":"DeliriumMonitoringWithCAMICUPlan","title":"Delirium Monitoring with CAMICU","status":"active","experimental":true,"subjectCodeableConcept":{"coding":[{"system":"http://hl7.org/fhir/fhir-types","code":"Patient"}]},"date":"2023-12-18T10:04:10+00:00","publisher":"NUM CODEX+ CELIDA","description":"Delirium monitoring in ICU Patients with Confusion Assessment Method for Intensive Care Unit (CAMICU)","kind":"ServiceRequest","code":{"coding":[{"system":"http://loinc.org","code":"85649-2","display":"LCDS v3.00 - Signs and Symptoms of Delirium (from CAM) [CMS Assessment]"}]},"timingTiming":{"code":{"coding":[{"system":"http://terminology.hl7.org/CodeSystem/v3-GTSAbbreviation","code":"Q8H"}]}}}