{"resourceType":"ActivityDefinition","id":"DeliriumMonitoringNuDESC","meta":{"profile":["https://www.netzwerk-universitaetsmedizin.de/fhir/cpg-on-ebm-on-fhir/StructureDefinition/assessment-action"]},"extension":[{"url":"http://hl7.org/fhir/uv/cpg/StructureDefinition/cpg-knowledgeCapability","valueCode":"computable"},{"url":"http://hl7.org/fhir/uv/cpg/StructureDefinition/cpg-knowledgeRepresentationLevel","valueCode":"structured"}],"url":"https://www.netzwerk-universitaetsmedizin.de/fhir/codex-celida/guideline/patients-icu-delirium-monitoring/recommended-action/delirium-monitoring-NuDesc","version":"1.0","name":"DeliriumMonitoringWithNuDESCPlan","title":"Delirium Monitoring with NuDESC","status":"active","experimental":true,"subjectCodeableConcept":{"coding":[{"system":"http://hl7.org/fhir/fhir-types","code":"Patient"}]},"date":"2023-12-18T10:04:10+00:00","publisher":"NUM CODEX+ CELIDA","description":"Delirium monitoring in ICU Patients with NuDESC","kind":"ServiceRequest","code":{"coding":[{"system":"https://www.netzwerk-universitaetsmedizin.de/fhir/codex-celida/CodeSystem/codex-celida","code":"nudesc","display":"Nursing Delirium Screening Scale (Nu-DESC)"}]},"timingTiming":{"code":{"coding":[{"system":"http://terminology.hl7.org/CodeSystem/v3-GTSAbbreviation","code":"Q8H"}]}}}