{"resourceType":"ActivityDefinition","id":"PainMonitoringVRS","meta":{"profile":["https://www.netzwerk-universitaetsmedizin.de/fhir/cpg-on-ebm-on-fhir/StructureDefinition/assessment-action"]},"extension":[{"url":"http://hl7.org/fhir/uv/cpg/StructureDefinition/cpg-knowledgeCapability","valueCode":"computable"},{"url":"http://hl7.org/fhir/uv/cpg/StructureDefinition/cpg-knowledgeRepresentationLevel","valueCode":"structured"}],"url":"https://www.netzwerk-universitaetsmedizin.de/fhir/codex-celida/guideline/patients-icu-pain-monitoring/recommended-action/pain-monitoring-VRS","version":"0.1","name":"PainMonitoringWithVRSPlan","title":"Pain Monitoring with VRS","status":"active","experimental":true,"subjectCodeableConcept":{"coding":[{"system":"http://hl7.org/fhir/fhir-types","code":"Patient"}]},"date":"2023-12-18T10:04:10+00:00","publisher":"NUM CODEX+ CELIDA","description":"Pain monitoring in ICU Patients with VRS","kind":"ServiceRequest","code":{"coding":[{"system":"http://loinc.org","code":"54834-7","display":"Rate pain severity during assessment period using verbal descriptor scale"}]},"timingTiming":{"code":{"coding":[{"system":"http://terminology.hl7.org/CodeSystem/v3-GTSAbbreviation","code":"Q8H"}]}}}