{"resourceType":"ActivityDefinition","id":"DeliriumMonitoringCAMICUnegative","meta":{"profile":["https://www.netzwerk-universitaetsmedizin.de/fhir/cpg-on-ebm-on-fhir/StructureDefinition/assessment-action"]},"extension":[{"url":"http://hl7.org/fhir/uv/cpg/StructureDefinition/cpg-knowledgeCapability","valueCode":"computable"},{"url":"http://hl7.org/fhir/uv/cpg/StructureDefinition/cpg-knowledgeRepresentationLevel","valueCode":"structured"}],"url":"https://www.netzwerk-universitaetsmedizin.de/fhir/codex-celida/guideline/patients-icu-no-delirium-goal/recommended-action/delirium-monitoring-CAMICU","version":"1.0","name":"DeliriumMonitoringWithCAMICUPlan","title":"Delirium Monitoring with CAMICU","status":"active","experimental":true,"subjectCodeableConcept":{"coding":[{"system":"http://hl7.org/fhir/fhir-types","code":"Patient"}]},"date":"2023-12-18T10:04:10+00:00","publisher":"NUM CODEX+ CELIDA","description":"Delirium monitoring in ICU Patients with CAMIU","kind":"ServiceRequest","code":{"coding":[{"system":"http://loinc.org","code":"54627-5","display":"Signs and symptoms of delirium (from CAM) [CAM.MDSv3]"}]}}