{"resourceType":"EvidenceVariable","id":"PopulationPatientsICUDAASMonitoring","meta":{"profile":["https://www.netzwerk-universitaetsmedizin.de/fhir/cpg-on-ebm-on-fhir/StructureDefinition/recommendation-eligibility-criteria"]},"url":"https://www.netzwerk-universitaetsmedizin.de/fhir/codex-celida/guideline/patients-icu-daas-monitoring/population/patients-icu-daas-monitoring","identifier":[{"system":"https://www.ceosys.de","value":"ICU_Patients_DAAS_Monitoring"}],"name":"ICU_patients-DASMonitoring","title":"Population: ICU Patients: DAAS Monitoring","status":"active","date":"2023-12-18T10:04:10+00:00","description":"ICU Patients: Delirium, Analgesia, Anxiety, Sedation Monitoring","characteristic":[{"definitionByCombination":{"code":"all-of","characteristic":[{"linkId":"intensive-care-treatment","exclude":false,"definitionByTypeAndValue":{"type":{"coding":[{"system":"http://loinc.org","code":"78030-4","display":"Episode of care Type"}]},"valueCodeableConcept":{"coding":[{"system":"http://fhir.de/CodeSystem/kontaktart-de","code":"intensivstationaer","display":"Intensivstationär"}]}}}]}}]}