{"resourceType":"EvidenceVariable","id":"PopulationPatientsICUSedationGoal","meta":{"profile":["https://www.netzwerk-universitaetsmedizin.de/fhir/cpg-on-ebm-on-fhir/StructureDefinition/recommendation-eligibility-criteria"]},"url":"https://www.netzwerk-universitaetsmedizin.de/fhir/codex-celida/guideline/patients-icu-Sedation-goal/population/patients-icu-sedation-goal","identifier":[{"system":"https://www.ceosys.de","value":"ICU_Patients_Sedation_Goal"}],"name":"ICU_Patients_Sedation_Goal","title":"Population: ICU Patients Sedation goal RASS 0 to -1","status":"active","date":"2023-12-18T10:04:10+00:00","description":"ICU Patients Sedation goal is RASS 0 to -1","characteristic":[{"exclude":false,"definitionByCombination":{"code":"all-of","characteristic":[{"linkId":"intensive-care-treatment","exclude":false,"definitionByTypeAndValue":{"type":{"coding":[{"system":"http://loinc.org","code":"78030-4","display":"Episode of care Type"}]},"valueCodeableConcept":{"coding":[{"system":"http://fhir.de/CodeSystem/kontaktart-de","code":"intensivstationaer","display":"Intensivstationär"}]}}}]}}]}