{"resourceType":"EvidenceVariable","id":"PopulationPatientsICUNRSgoal","meta":{"profile":["https://www.netzwerk-universitaetsmedizin.de/fhir/cpg-on-ebm-on-fhir/StructureDefinition/recommendation-eligibility-criteria"]},"url":"https://www.netzwerk-universitaetsmedizin.de/fhir/codex-celida/guideline/patients-icu-nrs-goal<4/population/patients-icu-nrs-goal<4","identifier":[{"system":"https://www.ceosys.de","value":"ICU_Patients_NRS_Goal<4"}],"name":"ICU_Patients_NRS_Goal<4","title":"Population: ICU Patients NRS goal <4","status":"active","date":"2023-12-18T10:04:10+00:00","description":"ICU Patients NRS goal <4","characteristic":[{"definitionByCombination":{"code":"all-of","characteristic":[{"linkId":"intensive-care-treatment","exclude":false,"definitionByTypeAndValue":{"type":{"coding":[{"system":"http://loinc.org","code":"78030-4","display":"Episode of care Type"}]},"valueCodeableConcept":{"coding":[{"system":"http://fhir.de/CodeSystem/kontaktart-de","code":"intensivstationaer","display":"Intensivstationär"}]}}}]}}]}