{"resourceType":"PlanDefinition","id":"InterventionPatientsICUSedationGoal","meta":{"profile":["https://www.netzwerk-universitaetsmedizin.de/fhir/cpg-on-ebm-on-fhir/StructureDefinition/recommendation-plan"]},"extension":[{"url":"http://hl7.org/fhir/uv/cpg/StructureDefinition/cpg-knowledgeCapability","valueCode":"computable"},{"url":"http://hl7.org/fhir/uv/cpg/StructureDefinition/cpg-knowledgeRepresentationLevel","valueCode":"structured"},{"url":"http://hl7.org/fhir/uv/cpg/StructureDefinition/cpg-partOf","valueCanonical":"https://www.netzwerk-universitaetsmedizin.de/fhir/codex-celida/guideline/patients-icu-Sedation-goal/recommendation/patients-icu-sedation-goal"}],"url":"https://www.netzwerk-universitaetsmedizin.de/fhir/codex-celida/guideline/patients-icu-sedation-goal/intervention-plan/patients-icu-sedation-goal","identifier":[{"value":"InterventionPlanforICUPAtientsSedationGoal"}],"version":"7.0","name":"Intervention_Plan_ICU_Patients_Sedation_Goal","title":"Intervention plan for ICU Patients:  Sedation Goal is RASS 0 to -1, with exeption for specificaly indicated deeper sedation","type":{"coding":[{"system":"http://terminology.hl7.org/CodeSystem/plan-definition-type","code":"eca-rule"}]},"status":"active","experimental":true,"subjectCanonical":"https://www.netzwerk-universitaetsmedizin.de/fhir/codex-celida/guideline/patients-icu-Sedation-goal/population/patients-icu-sedation-goal","date":"2023-11","publisher":"NUM CODEX+ CELIDA","description":"In intensive care patients Seadtion in RASS should be 0 or -1, with exeption for specificaly indicated deeper sedation","goal":[{"id":"sedation-management-RASS-goal","category":{"coding":[{"system":"http://snomed.info/sct","code":"273249006","display":"Assessment scales (assessment scale)"}]},"description":{"text":"RASS should be 0 to -1"},"target":[{"measure":{"coding":[{"system":"http://snomed.info/sct/731000124108","code":"457441000124102","display":"Richmond agitation-sedation scale"}]},"detailRange":{"low":{"value":-1},"high":{"value":0}}}]}],"action":[{"code":{"coding":[{"system":"http://snomed.info/sct","code":"406187008","display":"Sedation management (regime/therapy)"}]},"goalId":["sedation-management-RASS-goal"]}]}