{"resourceType":"PlanDefinition","id":"InterventionPatientsICUNRSgoal","meta":{"profile":["https://www.netzwerk-universitaetsmedizin.de/fhir/cpg-on-ebm-on-fhir/StructureDefinition/recommendation-plan"]},"extension":[{"url":"http://hl7.org/fhir/uv/cpg/StructureDefinition/cpg-knowledgeCapability","valueCode":"computable"},{"url":"http://hl7.org/fhir/uv/cpg/StructureDefinition/cpg-knowledgeRepresentationLevel","valueCode":"structured"},{"url":"http://hl7.org/fhir/uv/cpg/StructureDefinition/cpg-partOf","valueCanonical":"https://www.netzwerk-universitaetsmedizin.de/fhir/codex-celida/guideline/patients-icu-nrs-goal<4/recommendation/patients-icu-nrs-goal<4"}],"url":"https://www.netzwerk-universitaetsmedizin.de/fhir/codex-celida/guideline/patients-icu-nrs-goal<4/intervention-plan/patients-icu-nrs-goal<4","identifier":[{"value":"InterventionPlanforICUPatientsNRSGoal<4"}],"version":"7.0","name":"Intervention_Plan_ICU_Patients_NRS_Goal<4","title":"Intervention plan for ICU Patients: NRS goal <4","type":{"coding":[{"system":"http://terminology.hl7.org/CodeSystem/plan-definition-type","code":"eca-rule"}]},"status":"active","experimental":true,"subjectCanonical":"https://www.netzwerk-universitaetsmedizin.de/fhir/codex-celida/guideline/patients-icu-nrs-goal<4/population/patients-icu-nrs-goal<4","date":"2023-11","publisher":"NUM CODEX+ CELIDA","description":"In intensive care patients NRS should be <4","goal":[{"id":"pain-management-goal","category":{"coding":[{"system":"http://snomed.info/sct","code":"273249006","display":"Assessment scales (assessment scale)"}]},"description":{"text":"NRS should not be >4"},"target":[{"measure":{"coding":[{"system":"http://loinc.org","code":"72514-3","display":"Pain severity - 0-10 verbal numeric rating [Score] - Reported"}]},"detailRange":{"high":{"value":3}}}]}],"action":[{"code":{"coding":[{"system":"http://snomed.info/sct","code":"278414003","display":"Pain management (procedure)"}]},"goalId":["pain-management-goal"]}]}