{"resourceType":"PlanDefinition","id":"RecommendationPatientsICUSedationGoal","meta":{"profile":["https://www.netzwerk-universitaetsmedizin.de/fhir/cpg-on-ebm-on-fhir/StructureDefinition/recommendation"]},"extension":[{"url":"http://hl7.org/fhir/uv/cpg/StructureDefinition/cpg-knowledgeCapability","valueCode":"computable"},{"url":"http://hl7.org/fhir/uv/cpg/StructureDefinition/cpg-knowledgeRepresentationLevel","valueCode":"structured"}],"url":"https://www.netzwerk-universitaetsmedizin.de/fhir/codex-celida/guideline/patients-icu-Sedation-goal/recommendation/patients-icu-sedation-goal","version":"1.0","name":"Recommendation10-Sedation-Goal-RASS","title":"RASS Intervention for Population: Sedation Goal RASS","type":{"coding":[{"system":"http://terminology.hl7.org/CodeSystem/plan-definition-type","code":"workflow-definition"}]},"status":"active","experimental":true,"date":"2023-08-13","description":"RASS in ICU Patients should be 0 or 1","action":[{"title":"Intervention_Plan_ICU_Patients_Sedation_goal","description":"Intervention plan for ICU Patients: Sedation Goal RASS 0 to -1","code":{"coding":[{"system":"http://hl7.org/fhir/uv/cpg/CodeSystem/cpg-common-process","code":"guideline-based-care"}]},"selectionBehavior":"at-most-one","definitionCanonical":"https://www.netzwerk-universitaetsmedizin.de/fhir/codex-celida/guideline/patients-icu-sedation-goal/intervention-plan/patients-icu-sedation-goal"}]}