{"resourceType":"PlanDefinition","id":"RecommendationPatientsICUnoDeliriumGoal","meta":{"profile":["https://www.netzwerk-universitaetsmedizin.de/fhir/cpg-on-ebm-on-fhir/StructureDefinition/recommendation"]},"extension":[{"url":"http://hl7.org/fhir/uv/cpg/StructureDefinition/cpg-knowledgeCapability","valueCode":"computable"},{"url":"http://hl7.org/fhir/uv/cpg/StructureDefinition/cpg-knowledgeRepresentationLevel","valueCode":"structured"}],"url":"https://www.netzwerk-universitaetsmedizin.de/fhir/codex-celida/guideline/patients-icu-no-delirium-goal/recommendation/patients-icu-no-delirium-goal","version":"1.0","name":"Recommendation11-Delirium-Goal","title":"Delirium Intervention for Population: ICU Patients Delirium Goal","type":{"coding":[{"system":"http://terminology.hl7.org/CodeSystem/plan-definition-type","code":"workflow-definition"}]},"status":"active","experimental":true,"date":"2023-11","description":"ICU Patients should be delirium free","action":[{"title":"Intervention_Plan_ICU_Patients_No_Delirium_Goal","description":"Intervention plan for ICU Patients: Delirium Goal is no Delirium","code":{"coding":[{"system":"http://hl7.org/fhir/uv/cpg/CodeSystem/cpg-common-process","code":"guideline-based-care"}]},"selectionBehavior":"at-most-one","definitionCanonical":"https://www.netzwerk-universitaetsmedizin.de/fhir/codex-celida/guideline/patients-icu-no-delirium-goal/intervention-plan/patients-icu-no-delirium"}]}