{"resourceType":"PlanDefinition","id":"RecommendationPatientsICUDAASMonitoring","meta":{"profile":["https://www.netzwerk-universitaetsmedizin.de/fhir/cpg-on-ebm-on-fhir/StructureDefinition/recommendation"]},"extension":[{"url":"http://hl7.org/fhir/uv/cpg/StructureDefinition/cpg-knowledgeCapability","valueCode":"computable"},{"url":"http://hl7.org/fhir/uv/cpg/StructureDefinition/cpg-knowledgeRepresentationLevel","valueCode":"structured"}],"url":"https://www.netzwerk-universitaetsmedizin.de/fhir/codex-celida/guideline/patients-icu-daas-monitoring/recommendation/patients-icu-daas-monitoring","version":"1.0","name":"Recommendation8-DAASMonitoring","title":"Intervention for Population: ICU Patients - DAAS Monitoring","type":{"coding":[{"system":"http://terminology.hl7.org/CodeSystem/plan-definition-type","code":"workflow-definition"}]},"status":"active","experimental":true,"date":"2023-11","description":"The treatment goal and the current level of analgesia, sedation, anxiety, and delirium should be standardizedly documented at least once per shift (typically every 8 hours)","action":[{"title":"Intervention_Plan_ICU_Patients_DAAS_Monitoring","description":"Intervention plan for ICU Patients: DAAS Monitoring","code":{"coding":[{"system":"http://hl7.org/fhir/uv/cpg/CodeSystem/cpg-common-process","code":"guideline-based-care"}]},"selectionBehavior":"at-most-one","definitionCanonical":"https://www.netzwerk-universitaetsmedizin.de/fhir/codex-celida/guideline/patients-icu-daas-monitoring/intervention-plan/patients-icu-daas-monitoring"}]}