{"resourceType":"PlanDefinition","id":"InterventionPatientsICUSedationMonitoring","meta":{"profile":["https://www.netzwerk-universitaetsmedizin.de/fhir/cpg-on-ebm-on-fhir/StructureDefinition/recommendation-plan"]},"extension":[{"url":"http://hl7.org/fhir/uv/cpg/StructureDefinition/cpg-knowledgeCapability","valueCode":"computable"},{"url":"http://hl7.org/fhir/uv/cpg/StructureDefinition/cpg-knowledgeRepresentationLevel","valueCode":"structured"},{"url":"http://hl7.org/fhir/uv/cpg/StructureDefinition/cpg-partOf","valueCanonical":"https://www.netzwerk-universitaetsmedizin.de/fhir/codex-celida/guideline/patients-icu-sedation-monitoring/recommendation/patients-icu-sedation-monitoring"}],"url":"https://www.netzwerk-universitaetsmedizin.de/fhir/codex-celida/guideline/patients-icu-sedation-monitoring/intervention-plan/patients-icu-sedation-monitoring","identifier":[{"value":"InterventionPlanforICUPatientsSedationMonitoring"}],"version":"7.0","name":"Intervention_Plan_ICU_Patients_Sedation_Monitoring","title":"Intervention plan for ICU Patients: Sedation Monitoring","type":{"coding":[{"system":"http://terminology.hl7.org/CodeSystem/plan-definition-type","code":"eca-rule"}]},"status":"active","experimental":true,"subjectCanonical":"https://www.netzwerk-universitaetsmedizin.de/fhir/codex-celida/guideline/patients-icu-sedationmonitoring/population/patients-icu-sedation-monitoring","date":"2023-10","publisher":"NUM CODEX+ CELIDA","description":"In intensive care patients sedation goal and sedation degree should be monitored at least 1 time per shift ","action":[{"code":{"coding":[{"system":"http://snomed.info/sct","code":"386053000","display":"Evaluation procedure (procedure)"}]},"selectionBehavior":"one-or-more","definitionCanonical":"https://www.netzwerk-universitaetsmedizin.de/fhir/codex-celida/guideline/patients-icu-sedation-monitoring/recommended-action/sedation-monitoring-RASS"}]}