{"resourceType":"PlanDefinition","id":"InterventionPatientsICUDeliriumMonitoring","meta":{"profile":["https://www.netzwerk-universitaetsmedizin.de/fhir/cpg-on-ebm-on-fhir/StructureDefinition/recommendation-plan"]},"extension":[{"url":"http://hl7.org/fhir/uv/cpg/StructureDefinition/cpg-knowledgeCapability","valueCode":"computable"},{"url":"http://hl7.org/fhir/uv/cpg/StructureDefinition/cpg-knowledgeRepresentationLevel","valueCode":"structured"},{"url":"http://hl7.org/fhir/uv/cpg/StructureDefinition/cpg-partOf","valueCanonical":"https://www.netzwerk-universitaetsmedizin.de/fhir/codex-celida/guideline/patients-icu-delirium-monitoring/recommendation/patients-icu-delirium-monitoring"}],"url":"https://www.netzwerk-universitaetsmedizin.de/fhir/codex-celida/guideline/patients-icu-delirium-monitoring/intervention-plan/patients-icu-delirium-monitoring","identifier":[{"value":"InterventionPlanforICUPatientsDeliriumMonitoring"}],"version":"1.0","name":"Intervention_Plan_ICU_Patients_Delirium_Monitoring","title":"Intervention plan for ICU Patients: Delirium Monitoring with NuDESC or CAMICU","type":{"coding":[{"system":"http://terminology.hl7.org/CodeSystem/plan-definition-type","code":"eca-rule"}]},"status":"active","experimental":true,"subjectCanonical":"https://www.netzwerk-universitaetsmedizin.de/fhir/codex-celida/guideline/patients-icu-delirium-monitoring/population/patients-icu-delirium-monitoring","date":"2023-10","publisher":"NUM CODEX+ CELIDA","description":"In ICU Patients Findings ind Delirium Monitoring should be documented at least once per shift","action":[{"code":{"coding":[{"system":"http://snomed.info/sct","code":"386053000","display":"Evaluation procedure (procedure)"}]},"selectionBehavior":"one-or-more","definitionCanonical":"https://www.netzwerk-universitaetsmedizin.de/fhir/codex-celida/guideline/patients-icu-delirium-monitoring/recommended-action/delirium-monitoring-CAMICU"},{"code":{"coding":[{"system":"http://snomed.info/sct","code":"386053000","display":"Evaluation procedure (procedure)"}]},"selectionBehavior":"one-or-more","definitionCanonical":"https://www.netzwerk-universitaetsmedizin.de/fhir/codex-celida/guideline/patients-icu-delirium-monitoring/recommended-action/delirium-monitoring-NuDesc"}]}