{"resourceType":"PlanDefinition","id":"RecommendationPatientsICUNRSgoal","meta":{"profile":["https://www.netzwerk-universitaetsmedizin.de/fhir/cpg-on-ebm-on-fhir/StructureDefinition/recommendation"]},"extension":[{"url":"http://hl7.org/fhir/uv/cpg/StructureDefinition/cpg-knowledgeCapability","valueCode":"computable"},{"url":"http://hl7.org/fhir/uv/cpg/StructureDefinition/cpg-knowledgeRepresentationLevel","valueCode":"structured"}],"url":"https://www.netzwerk-universitaetsmedizin.de/fhir/codex-celida/guideline/patients-icu-nrs-goal<4/recommendation/patients-icu-nrs-goal<4","version":"1.0","name":"Recommendation9-NRS<4","title":"NRS Intervention for Population: ICU Patients NRS goal <4","type":{"coding":[{"system":"http://terminology.hl7.org/CodeSystem/plan-definition-type","code":"workflow-definition"}]},"status":"active","experimental":true,"date":"2023-11-17","description":"NRS in ICU Patients should be <4","action":[{"title":"Intervention_Plan_ICU_Patients_NRS_goal","description":"Intervention plan for ICU Patients: NRS goal <4","code":{"coding":[{"system":"http://hl7.org/fhir/uv/cpg/CodeSystem/cpg-common-process","code":"guideline-based-care"}]},"selectionBehavior":"at-most-one","definitionCanonical":"https://www.netzwerk-universitaetsmedizin.de/fhir/codex-celida/guideline/patients-icu-nrs-goal<4/intervention-plan/patients-icu-nrs-goal<4"}]}