{"resourceType":"PlanDefinition","id":"RecommendationPatientsICUDeliriumMonitoring","meta":{"profile":["https://www.netzwerk-universitaetsmedizin.de/fhir/cpg-on-ebm-on-fhir/StructureDefinition/recommendation"]},"extension":[{"url":"http://hl7.org/fhir/uv/cpg/StructureDefinition/cpg-knowledgeCapability","valueCode":"computable"},{"url":"http://hl7.org/fhir/uv/cpg/StructureDefinition/cpg-knowledgeRepresentationLevel","valueCode":"structured"}],"url":"https://www.netzwerk-universitaetsmedizin.de/fhir/codex-celida/guideline/patients-icu-delirium-monitoring/recommendation/patients-icu-delirium-monitoring","version":"1.0","name":"Recommendation3-DeliriumMonitoring","title":"Intervention for Population: ICU Patients - Delirium Monitoring","type":{"coding":[{"system":"http://terminology.hl7.org/CodeSystem/plan-definition-type","code":"workflow-definition"}]},"status":"active","experimental":true,"date":"2023-11-13","description":"In ICU Patients Findings ind Delirium Monitoring should be documented at least once per shift","action":[{"title":"Intervention_Plan_ICU_Patients_Delirium_Monitoring","description":"Intervention plan for ICU Patients: Delirium Monitoring","code":{"coding":[{"system":"http://hl7.org/fhir/uv/cpg/CodeSystem/cpg-common-process","code":"guideline-based-care"}]},"selectionBehavior":"at-most-one","definitionCanonical":"https://www.netzwerk-universitaetsmedizin.de/fhir/codex-celida/guideline/patients-icu-delirium-monitoring/intervention-plan/patients-icu-delirium-monitoring"}]}