{"resourceType":"PlanDefinition","id":"InterventionPatientsICUnoDeliriumGoal","meta":{"profile":["https://www.netzwerk-universitaetsmedizin.de/fhir/cpg-on-ebm-on-fhir/StructureDefinition/recommendation-plan"]},"extension":[{"url":"http://hl7.org/fhir/uv/cpg/StructureDefinition/cpg-knowledgeCapability","valueCode":"computable"},{"url":"http://hl7.org/fhir/uv/cpg/StructureDefinition/cpg-knowledgeRepresentationLevel","valueCode":"structured"},{"url":"http://hl7.org/fhir/uv/cpg/StructureDefinition/cpg-partOf","valueCanonical":"https://www.netzwerk-universitaetsmedizin.de/fhir/codex-celida/guideline/patients-icu-no-delirium-goal/recommendation/patients-icu-no-delirium-goal"}],"url":"https://www.netzwerk-universitaetsmedizin.de/fhir/codex-celida/guideline/patients-icu-no-delirium-goal/intervention-plan/patients-icu-no-delirium","identifier":[{"value":"InterventionPlanforICUPAtientsnoDeliriumGoal"}],"version":"7.0","name":"Intervention_Plan_ICU_Patients_no_Delirium_Goal","title":"Intervention plan for ICU Patients: no Delirium Goal","type":{"coding":[{"system":"http://terminology.hl7.org/CodeSystem/plan-definition-type","code":"eca-rule"}]},"status":"active","experimental":true,"subjectCanonical":"https://www.netzwerk-universitaetsmedizin.de/fhir/codex-celida/guideline/patients-icu-no-delirium-goal/population/patients-icu-no-delirium-goal","date":"2023-09","publisher":"NUM CODEX+ CELIDA","description":"Intensive care patients should be delirium free","goal":[{"id":"dlirium-management-goal","category":{"coding":[{"system":"http://snomed.info/sct","code":"273249006","display":"Assessment scales (assessment scale)"}]},"description":{"text":"CAM-ICU should be negativ"},"target":[{"measure":{"coding":[{"system":"http://loinc.org","code":"54627-5","display":"Signs and symptoms of delirium (from CAM) [CAM.MDSv3]"}]},"detailCodeableConcept":{"coding":[{"system":"http://snomed.info/sct","code":"260385009","display":"Negative (qualifier value)"}]}}]}],"action":[{"code":{"coding":[{"system":"http://snomed.info/sct","code":"386053000","display":"Evaluation procedure (procedure)"}]},"selectionBehavior":"one-or-more","definitionCanonical":"https://www.netzwerk-universitaetsmedizin.de/fhir/codex-celida/guideline/patients-icu-no-delirium-goal/recommended-action/delirium-monitoring-CAMICU"}]}