{
  "resourceType" : "EvidenceVariable",
  "id" : "PopulationPatientsICUNRSgoal",
  "meta" : {
    "profile" : ["https://www.netzwerk-universitaetsmedizin.de/fhir/cpg-on-ebm-on-fhir/StructureDefinition/recommendation-eligibility-criteria"]
  },
  "text" : {
    "status" : "generated",
    "div" : "<div xmlns=\"http://www.w3.org/1999/xhtml\"><p><b>Generated Narrative: EvidenceVariable</b><a name=\"PopulationPatientsICUNRSgoal\"> </a></p><div style=\"display: inline-block; background-color: #d9e0e7; padding: 6px; margin: 4px; border: 1px solid #8da1b4; border-radius: 5px; line-height: 60%\"><p style=\"margin-bottom: 0px\">Resource EvidenceVariable &quot;PopulationPatientsICUNRSgoal&quot; </p><p style=\"margin-bottom: 0px\">Profile: <a href=\"file:///github/workspace/output/StructureDefinition-recommendation-eligibility-criteria.html\">Recommendation Eligibility Criteria</a></p></div><p><b>url</b>: <code>https://www.netzwerk-universitaetsmedizin.de/fhir/codex-celida/guideline/patients-icu-nrs-goal&lt;4/population/patients-icu-nrs-goal&lt;4</code></p><p><b>identifier</b>: id:\u00a0ICU_Patients_NRS_Goal&lt;4</p><p><b>name</b>: ICU_Patients_NRS_Goal&lt;4</p><p><b>title</b>: Population: ICU Patients NRS goal &lt;4</p><p><b>status</b>: active</p><p><b>date</b>: 2023-12-18 10:04:10+0000</p><p><b>description</b>: ICU Patients NRS goal &lt;4</p><blockquote><p><b>characteristic</b></p><blockquote><p><b>definitionByCombination</b></p><p><b>code</b>: all-of</p><blockquote><p><b>characteristic</b></p><p><b>linkId</b>: intensive-care-treatment</p><p><b>exclude</b>: false</p><blockquote><p><b>definitionByTypeAndValue</b></p></blockquote></blockquote></blockquote></blockquote></div>"
  },
  "url" : "https://www.netzwerk-universitaetsmedizin.de/fhir/codex-celida/guideline/patients-icu-nrs-goal<4/population/patients-icu-nrs-goal<4",
  "identifier" : [{
    "system" : "https://www.ceosys.de",
    "value" : "ICU_Patients_NRS_Goal<4"
  }],
  "name" : "ICU_Patients_NRS_Goal<4",
  "title" : "Population: ICU Patients NRS goal <4",
  "status" : "active",
  "date" : "2023-12-18T10:04:10+00:00",
  "description" : "ICU Patients NRS goal <4",
  "characteristic" : [{
    "definitionByCombination" : {
      "code" : "all-of",
      "characteristic" : [{
        "linkId" : "intensive-care-treatment",
        "exclude" : false,
        "definitionByTypeAndValue" : {
          "type" : {
            "coding" : [{
              "system" : "http://loinc.org",
              "code" : "78030-4",
              "display" : "Episode of care Type"
            }]
          },
          "valueCodeableConcept" : {
            "coding" : [{
              "system" : "http://fhir.de/CodeSystem/kontaktart-de",
              "code" : "intensivstationaer",
              "display" : "Intensivstationär"
            }]
          }
        }
      }]
    }
  }]
}